url,name,rating,review_count,review_count_is_exact,price,distance_miles,categories
https://www.yelp.com/biz/sunset29-bbq-san-francisco-2,Sunset29 BBQ,5.0,81,True,,,"Barbeque, Caterers, Pop-Up Restaurants"
https://www.yelp.com/biz/the-check-in-lounge-san-francisco,The Check-In Lounge,5.0,46,True,,,"Wine Bars, Tapas/Small Plates, Cocktail Bars"
https://www.yelp.com/biz/tea-rex-cafe-and-specialty-teas-san-francisco,Tea Rex Cafe & Specialty Teas,5.0,45,True,,,"Sandwiches, Coffee & Tea, Cafes"
https://www.yelp.com/biz/ninas-home-bakery-san-bruno,Nina's Home Bakery,5.0,30,True,,,"Bakeries, Gluten-Free, Vegan"
https://www.yelp.com/biz/binu-bonu-san-francisco,Binu Bonu,5.0,28,True,,,"Wine Bars, Tapas/Small Plates, Italian"
https://www.yelp.com/biz/dannys-cafe-san-francisco,Danny's Cafe,5.0,25,True,,,"Cafes, Breakfast & Brunch, Bagels"
https://www.yelp.com/biz/casita-vegana-sf-san-bruno-3,Casita Vegana SF,5.0,18,True,,,"Vegan, Food Trucks, Sandwiches"
https://www.yelp.com/biz/habibi-crepes-south-san-francisco,Habibi Crepes,5.0,14,True,,,"Juice Bars & Smoothies, Food Trucks, Creperies"
https://www.yelp.com/biz/tacos-king-maya-san-francisco-2,Tacos King Maya,5.0,13,True,,,"Tacos, Street Vendors"
https://www.yelp.com/biz/york-street-collective-san-francisco,York Street Collective,5.0,10,True,,,"Coffee & Tea, Arts & Crafts, Cafes"
https://www.yelp.com/biz/aroma-buena-kitchen-san-francisco,Aroma Buena Kitchen,5.0,10,True,,,"Breakfast & Brunch, Cafes, Salvadoran"
https://www.yelp.com/biz/chidos-pizza-south-san-francisco-2,Chidos Pizza,5.0,10,True,,,"Pop-Up Restaurants, Pizza"
https://www.yelp.com/biz/go-bananas-san-francisco,Go Bananas,5.0,9,True,,,"Desserts, Food Stands"
https://www.yelp.com/biz/mesoresto-daly-city,Mesoresto,5.0,9,True,,,"Mediterranean, Salad, Wraps"
https://www.yelp.com/biz/fu-hui-hua-san-francisco,Fu Hui Hua,5.0,8,True,,,"Chinese, Japanese"
https://www.yelp.com/biz/latitude-15-pop-up-san-francisco,Latitude 15 Pop-Up,5.0,7,True,$$,,"Pop-Up Restaurants, Caterers"
https://www.yelp.com/biz/curry-pizza-house-san-francisco-2,Curry Pizza House,5.0,7,True,,,"Pizza, Chicken Wings, Sports Bars"
https://www.yelp.com/biz/la-fondita-tapatia-south-san-francisco-2,La Fondita Tapatia,5.0,7,True,,,"Food Trucks, Mexican"
https://www.yelp.com/biz/el-corazon-cafe-san-francisco,El Corazon Cafe,5.0,6,True,,,"Coffee & Tea, Breakfast & Brunch, Sandwiches"
https://www.yelp.com/biz/the-aloha-stop-south-san-francisco,The Aloha Stop,5.0,6,True,,,"Food Trucks, Hawaiian"
https://www.yelp.com/biz/pings-raw-foods-san-francisco,Ping's Raw Foods,5.0,5,True,,,"Desserts, Gluten-Free, Live/Raw Food"
https://www.yelp.com/biz/bonita-chilanga-taqueria-san-francisco,Bonita Chilanga Taqueria,5.0,5,True,,,Mexican
https://www.yelp.com/biz/gold-tooth-taco-san-francisco,Gold Tooth Taco,5.0,5,True,,,"Food Trucks, Tacos"
https://www.yelp.com/biz/taqueria-el-pollo-south-san-francisco,Taqueria El Pollo,5.0,5,True,,,"Food Trucks, Tacos"
https://www.yelp.com/biz/vegan-enjoyable-san-francisco,Vegan Enjoyable,5.0,4,True,,,"Food Delivery Services, Ramen"
https://www.yelp.com/biz/mmm-butter-san-francisco,"Mmm, Butter!",5.0,4,True,$$,,"Food Stands, Specialty Food"
https://www.yelp.com/biz/tacos-el-to%C3%B1o-san-francisco,Tacos el Toño,5.0,4,True,,,Mexican
https://www.yelp.com/biz/thermofisher-ssf-cafeteria-south-san-francisco,ThermoFisher SSF Cafeteria,5.0,4,True,,,"Cafeteria, New American"
https://www.yelp.com/biz/don-jose-s-churros-san-francisco,Don Jose’s Churros,5.0,3,True,,,"Desserts, Food Stands"
https://www.yelp.com/biz/antojitos-mexicanos-san-francisco,Antojitos Mexicanos,5.0,3,True,,,Mexican
https://www.yelp.com/biz/cafe-de-la-mission-san-francisco,Cafe De La Mission,5.0,3,True,,,Cafes
https://www.yelp.com/biz/corazon-mexicano-san-francisco-3,Corazon Mexicano,5.0,3,True,,,"Food Trucks, Mexican"
https://www.yelp.com/biz/mario-hot-dogs-san-francisco,Mario Hot Dogs,5.0,3,True,,,"Hot Dogs, Street Vendors"
https://www.yelp.com/biz/el-rubens-tamales-san-francisco,El Rubens Tamales,5.0,3,True,,,"Street Vendors, Mexican"
https://www.yelp.com/biz/el-quetzal-grill-san-francisco,El Quetzal Grill,5.0,3,True,,,Mexican
https://www.yelp.com/biz/mi-lindo-consuelo-san-francisco,Mi Lindo Consuelo,5.0,3,True,,,"Mexican, Food Trucks"
https://www.yelp.com/biz/mobile-food-fleet-san-bruno,Mobile Food Fleet,5.0,3,True,,,"Food Trucks, Tacos"
https://www.yelp.com/biz/cocina-guirnalda-san-francisco,Cocina Guirnalda,5.0,2,True,,,Pop-Up Restaurants
https://www.yelp.com/biz/garden-deli-daly-city,Garden Deli,5.0,2,True,,,"Sandwiches, Soup, Delis"
https://www.yelp.com/biz/what-s-up-coco-san-francisco,What’s Up Coco,5.0,2,True,,,"Ice Cream & Frozen Yogurt, Fast Food"
https://www.yelp.com/biz/hermanita-pop-up-san-francisco-2,Hermanita Pop Up,5.0,2,True,,,"Mexican, Breakfast & Brunch, Pop-Up Restaurants"
https://www.yelp.com/biz/capp-st-papusas-san-francisco,Capp St Papusas,5.0,2,True,$,,Salvadoran
https://www.yelp.com/biz/deliciosos-tacos-de-canasta-san-francisco,Deliciosos Tacos de Canasta,5.0,2,True,,,Tacos
https://www.yelp.com/biz/alfredos-gourmet-tacos-san-francisco,Alfredo's Gourmet Tacos,5.0,2,True,,,"Mexican, Coffee & Tea, Food Stands"
https://www.yelp.com/biz/flor-de-chile-san-francisco,Flor de Chile,5.0,2,True,,,"Food Stands, Herbs & Spices"
https://www.yelp.com/biz/jds-catering-and-mobile-dj-san-francisco,JD's Catering & Mobile DJ,5.0,2,True,,,"Buffets, Street Vendors"
https://www.yelp.com/biz/upwest-kitchens-san-francisco,Upwest Kitchens,5.0,2,True,,,New American
https://www.yelp.com/biz/two-fish-san-francisco,Two Fish,5.0,2,True,,,"Japanese, Poke, Seafood"
https://www.yelp.com/biz/oro-restaurant-pop-up-san-francisco,Oro Restaurant Pop Up,5.0,2,True,,,New American
https://www.yelp.com/biz/holloway-mikes-deli-san-francisco,Holloway Mike's Deli,5.0,2,True,,,"Delis, Ice Cream & Frozen Yogurt, Sandwiches"
https://www.yelp.com/biz/amelias-mexipino-brisbane,Amelia's Mexipino,5.0,2,True,,,"Mexican, Food Trucks"
https://www.yelp.com/biz/la-ventana-south-san-francisco,La Ventana,5.0,2,True,,,"Cafes, Mexican"
https://www.yelp.com/biz/joya-de-verano-south-san-francisco,Joya De Verano,5.0,2,True,,,"Latin American, Mexican"
https://www.yelp.com/biz/frisco-fresh-tacos-san-francisco,Frisco Fresh Tacos,5.0,1,True,,,"Tacos, Caterers"
https://www.yelp.com/biz/euroamerican-import-food-san-francisco,Euroamerican Import Food,5.0,1,True,,,Delis
https://www.yelp.com/biz/blaze-pizza-san-francisco-3,Blaze Pizza,5.0,1,True,,,"Pizza, Salad, Fast Food"
https://www.yelp.com/biz/dux-san-francisco,Dux,5.0,1,True,,,Pop-Up Restaurants
https://www.yelp.com/biz/asu-mare-peruvian-restaurant-san-francisco,Asu Mare Peruvian Restaurant,5.0,1,True,,,Peruvian
https://www.yelp.com/biz/tacos-el-patron-san-francisco-3,Tacos El Patron,5.0,1,True,,,Mexican
https://www.yelp.com/biz/tin-wah-noodle-company-san-francisco,Tin Wah Noodle Company,5.0,1,True,,,"Noodles, Ramen"
https://www.yelp.com/biz/ozzies-san-francisco,Ozzie's,5.0,1,True,,,Breakfast & Brunch
https://www.yelp.com/biz/the-good-stuff-san-francisco,The Good Stuff,5.0,1,True,,,Restaurants
https://www.yelp.com/biz/hellaxbomb-daly-city-2,HELLAxBOMB,5.0,1,True,,,"Filipino, Guamanian"
https://www.yelp.com/biz/milkmold-blogspot-com-san-francisco,Milkmold.blogspot.com,5.0,1,True,,,Cheesesteaks
https://www.yelp.com/biz/holloway-mikes-deli-san-francisco-2,Holloway Mikes Deli,5.0,1,True,,,"Delis, Ice Cream & Frozen Yogurt, Sandwiches"
https://www.yelp.com/biz/savage-smokehouse-bbq-daly-city,SAVAGE SMOKEHOUSE BBQ,5.0,1,True,,,"Caterers, Barbeque"
https://www.yelp.com/biz/la-costa-restaurant-san-francisco,La Costa Restaurant,5.0,1,True,,,Mexican
https://www.yelp.com/biz/hanchon-san-francisco,Hanchon,5.0,1,True,,,Korean
https://www.yelp.com/biz/the-king-brisbane,The King,5.0,1,True,,,"Kosher, Sandwiches, Bagels"
https://www.yelp.com/biz/zenshi-handcrafted-sushi-pacifica,ZENSHI Handcrafted Sushi,5.0,1,True,,,Sushi Bars
https://www.yelp.com/biz/city-cafe-daly-city,City Cafe,5.0,1,True,,,"Cafes, Coffee & Tea"
https://www.yelp.com/biz/panderiaa-hernandez-south-san-francisco,Panderiaa Hernandez,5.0,1,True,,,Restaurants
https://www.yelp.com/biz/mariscos-el-pariente-south-san-francisco-5,Mariscos El Pariente,5.0,1,True,,,"Food Trucks, Seafood"
https://www.yelp.com/biz/fun-in-a-bun-south-san-francisco,Fun In A Bun,5.0,1,True,,,"Hot Dogs, Food Stands"
https://www.yelp.com/biz/kunugi-noodle-brisbane,Kunugi Noodle,5.0,1,True,,,"Noodles, Japanese, Food Stands"
https://www.yelp.com/biz/el-cameron-rwc-san-bruno,El Cameron RWC,5.0,1,True,,,"Mexican, Food Trucks, Seafood"
https://www.yelp.com/biz/island-huli-south-san-francisco,Island Huli,5.0,1,True,,,"Hawaiian, Seafood, Sandwiches"
https://www.yelp.com/biz/laffa-san-bruno,Laffa,5.0,1,True,,,"Mediterranean, Burgers"
https://www.yelp.com/biz/hotpot-bay-san-francisco-3,Hotpot Bay,4.9,115,True,,,"Hot Pot, Soup, Seafood"
https://www.yelp.com/biz/sherpa-house-san-francisco,Sherpa House,4.9,114,True,$$,,Himalayan/Nepalese
https://www.yelp.com/biz/good-subs-market-colma-2,Good Subs Market,4.9,108,True,$$,,"Grocery, Halal, Sandwiches"
https://www.yelp.com/biz/ingredients-san-francisco-2,Ingredients,4.9,95,True,,,New American
https://www.yelp.com/biz/sushi-easy-san-francisco,Sushi Easy,4.9,75,True,,,"Sushi Bars, Desserts, Ice Cream & Frozen Yogurt"
https://www.yelp.com/biz/taste-of-india-san-francisco,Taste of India,4.9,69,True,,,"Indian, Himalayan/Nepalese"
https://www.yelp.com/biz/leadbetters-bake-shop-san-francisco-2,Leadbetters Bake Shop,4.9,56,True,,,"Bakeries, Breakfast & Brunch, Sandwiches"
https://www.yelp.com/biz/la-joya-caf%C3%A9-san-francisco,La Joya Café,4.9,41,True,,,"Cafes, Breakfast & Brunch, Mexican"
https://www.yelp.com/biz/laowai-noodles-daly-city,Laowai Noodles,4.9,34,True,,,"Pop-Up Restaurants, Noodles, Chinese"
https://www.yelp.com/biz/shampas-pies-san-francisco,Shampa's Pies,4.9,31,True,$$,,"Desserts, Food Stands"
https://www.yelp.com/biz/u-and-i-coffee-and-sandwich-shop-san-francisco-4,U & I Coffee and Sandwich Shop,4.9,26,True,$$,,"Coffee & Tea, Sandwiches, Specialty Food"
https://www.yelp.com/biz/kiwa-kitchen-san-francisco,Kiwa Kitchen,4.9,23,True,,,"Japanese, Asian Fusion"
https://www.yelp.com/biz/la-cigale-san-francisco,La Cigale,4.9,18,True,,,French
https://www.yelp.com/biz/willie-s-catering-and-restaurant-daly-city,Willie’s Catering & Restaurant,4.9,18,True,,,Filipino
https://www.yelp.com/biz/bocadito-san-francisco,Bocadito,4.9,15,True,,,"Pop-Up Restaurants, Colombian"
https://www.yelp.com/biz/the-melt-sfo-san-francisco,The Melt SFO,4.9,8,True,,,"Burgers, Sandwiches, Comfort Food"
https://www.yelp.com/biz/miss-tomato-pacifica,Miss Tomato,4.8,444,True,$$,,Sandwiches
https://www.yelp.com/biz/cocina-mam%C3%A1-cholita-san-francisco,Cocina Mamá Cholita,4.8,299,True,$$,,"Mexican, Breakfast & Brunch, Desserts"
https://www.yelp.com/biz/calabria-bros-san-francisco-2,Calabria Bros,4.8,298,True,$$,,"Caterers, Sandwiches, Delis"
https://www.yelp.com/biz/cup-cafe-san-francisco-4,Cup Cafe,4.8,291,True,$,,"Coffee & Tea, Bagels, Sandwiches"
https://www.yelp.com/biz/buona-italia-caffe-pacifica-2,Buona Italia Caffe,4.8,244,True,$$,,"Italian, Salad, Seafood"
https://www.yelp.com/biz/cheese-boutique-san-francisco-2,Cheese Boutique,4.8,234,True,$,,"Cheese Shops, Sandwiches, Delis"
https://www.yelp.com/biz/limoncello-san-francisco-3,Limoncello,4.8,219,True,$$,,"Pizza, Wine Bars, Delis"
https://www.yelp.com/biz/the-m-stop-halal-deli-san-francisco,The M Stop Halal Deli,4.8,181,True,$$,,"Sandwiches, Delis, Halal"
https://www.yelp.com/biz/diwali-indian-cuisine-san-francisco,Diwali Indian Cuisine,4.8,173,True,,,Indian
https://www.yelp.com/biz/cocina-milonga-south-san-francisco,Cocina Milonga,4.8,160,True,$,,"Argentine, Food Stands, Empanadas"
https://www.yelp.com/biz/ichido-san-francisco-6,Ichido,4.8,133,True,$$$$,,"Seafood, Japanese, Pop-Up Restaurants"
https://www.yelp.com/biz/lunas-coffee-house-san-francisco-3,Luna's Coffee House,4.8,105,True,$,,"Coffee & Tea, Sandwiches"
https://www.yelp.com/biz/do-re-mi-san-francisco,Do-Re-Mi,4.8,91,True,$,,"Asian Fusion, Desserts"
https://www.yelp.com/biz/rosis-alfajores-daly-city,Rosi's Alfajores,4.8,89,True,$$,,"Desserts, Empanadas, Peruvian"
https://www.yelp.com/biz/banh-mi-viet-san-francisco-4,Banh Mi Viet,4.8,84,True,,,Vietnamese
https://www.yelp.com/biz/aroma-buena-cafe-san-francisco,Aroma Buena Cafe,4.8,64,True,$,,"Coffee & Tea, Cafes, Breakfast & Brunch"
https://www.yelp.com/biz/sarita-s-grill-and-beer-san-francisco,Sarita’s Grill & Beer,4.8,63,True,,,"Salvadoran, Beer Bar, Seafood"
https://www.yelp.com/biz/frenchie-wine-bar-san-francisco,Frenchie Wine Bar,4.8,59,True,,,"Tapas Bars, Wine Bars"
https://www.yelp.com/biz/ap-s-cafe-san-francisco,Ap’s Cafe,4.8,59,True,,,"Cafes, Empanadas"
https://www.yelp.com/biz/sf-grill-san-francisco-3,SF Grill,4.8,49,True,,,Mediterranean
https://www.yelp.com/biz/loma-linda-taco-truck-daly-city,Loma Linda Taco Truck,4.8,48,True,$$,,"Tacos, Food Trucks"
https://www.yelp.com/biz/drew-s-barbecue-san-francisco,Drew’s Barbecue,4.8,33,True,,,Barbeque
https://www.yelp.com/biz/mission-groceteria-san-francisco,Mission Groceteria,4.8,31,True,$$,,"Grocery, Delis, Convenience Stores"
https://www.yelp.com/biz/the-hidden-bistro-san-francisco,The Hidden Bistro,4.8,29,True,,,"Vietnamese, Thai, Burmese"
https://www.yelp.com/biz/sf-food-market-san-francisco,SF Food Market,4.8,25,True,,,"Salad, Food Delivery Services, Sandwiches"
https://www.yelp.com/biz/olivas-mexican-food-south-san-francisco,Olivas Mexican food,4.8,21,True,,,"Mexican, Food Trucks"
https://www.yelp.com/biz/sassy-foods-san-francisco,Sassy Foods,4.8,18,True,,,"Dim Sum, Vegan"
https://www.yelp.com/biz/upper-cut-san-francisco-11,Upper Cut,4.8,13,True,,,"Desserts, Tacos, Salad"
https://www.yelp.com/biz/sco-s-san-francisco,Sco’s,4.8,11,True,,,"Beer Bar, Seafood, Mexican"
https://www.yelp.com/biz/pares-sa-daly-city-daly-city,Pares Sa Daly City,4.8,11,True,,,"Food Trucks, Desserts, Sushi Bars"
https://www.yelp.com/biz/bonita-taqueria-y-rotisserie-san-francisco-5,Bonita Taqueria y Rotisserie,4.8,9,True,,,"Mexican, Breakfast & Brunch"
https://www.yelp.com/biz/kid-abelha-san-francisco,Kid Abelha,4.8,9,True,,,"Burgers, Brazilian"
https://www.yelp.com/biz/the-stop-cafe-san-francisco-2,The Stop Cafe,4.8,6,True,,,Cafes
https://www.yelp.com/biz/reform-club-san-francisco,Reform Club,4.8,5,True,$$$$,,New American
https://www.yelp.com/biz/d-maize-cafe-san-francisco-4,D’maize Cafe,4.8,4,True,,,Salvadoran
https://www.yelp.com/biz/mazra-san-bruno,Mazra,4.7,2502,True,$$,,"Middle Eastern, Mediterranean, Barbeque"
https://www.yelp.com/biz/cuisine-of-nepal-san-francisco,Cuisine of Nepal,4.7,790,True,$$,,"Himalayan/Nepalese, Indian"
https://www.yelp.com/biz/luchos-san-francisco-2,Lucho's,4.7,659,True,$$,,"Breakfast & Brunch, New American"
https://www.yelp.com/biz/jjamppong-san-francisco-4,JJamPPong,4.7,641,True,$$,,"Chinese, Korean, Seafood"
https://www.yelp.com/biz/sofra-grill-south-san-francisco,Sofra Grill,4.7,521,True,$$,,"Mediterranean, Turkish, Barbeque"
https://www.yelp.com/biz/el-mil-amores-restaurant-san-francisco,El Mil Amores Restaurant,4.7,397,True,$$,,"Breakfast & Brunch, Mexican, Burgers"
https://www.yelp.com/biz/al-carajo-san-francisco,Al Carajo,4.7,383,True,$$,,Mexican
https://www.yelp.com/biz/chic-n-time-san-francisco,Chic n' Time,4.7,352,True,$$,,"Noodles, Vietnamese, Sandwiches"
https://www.yelp.com/biz/el-gallo-giro-taco-truck-san-francisco-4,El Gallo Giro Taco Truck,4.7,289,True,$,,"Food Trucks, Tacos"
https://www.yelp.com/biz/newkirks-san-francisco-3,Newkirk's,4.7,260,True,$$,,"Sandwiches, Salad, Cheesesteaks"
https://www.yelp.com/biz/noe-indian-cuisine-san-francisco,Noe Indian Cuisine,4.7,257,True,$$,,"Indian, Himalayan/Nepalese, Beverage Store"
https://www.yelp.com/biz/little-heaven-san-francisco,Little Heaven,4.7,244,True,$,,"Creperies, Bubble Tea, Juice Bars & Smoothies"
https://www.yelp.com/biz/brisbane-lunch-truck-brisbane,Brisbane Lunch Truck,4.7,194,True,$$,,"Food Trucks, Comfort Food, Sandwiches"
https://www.yelp.com/biz/doma-san-francisco-2,Doma,4.7,188,True,$$$$,,"Japanese, Sushi Bars"
https://www.yelp.com/biz/luisas-restaurant-san-francisco-6,Luisa's Restaurant,4.7,184,True,,,"Italian, Wine Bars, Pizza"
https://www.yelp.com/biz/el-caf%C3%A9-san-francisco-9,El Café,4.7,162,True,$,,"Cafes, Coffee & Tea, Bagels"
https://www.yelp.com/biz/mariscos-el-pariente-san-bruno,Mariscos El Pariente,4.7,162,True,$,,"Mexican, Food Trucks"
https://www.yelp.com/biz/caf%C3%A9-de-olla-san-francisco-2,Café de Olla,4.7,155,True,$$,,"Coffee & Tea, Mexican"
https://www.yelp.com/biz/oxbridge-market-san-francisco,Oxbridge Market,4.7,155,True,$$,,"Grocery, Beer, Wine & Spirits, Delis"
https://www.yelp.com/biz/tio-chilos-grill-san-francisco,Tio Chilo's Grill,4.7,152,True,$$,,Mexican
https://www.yelp.com/biz/frank-grizzly-s-san-francisco,Frank Grizzly’s,4.7,148,True,$$,,Tacos
https://www.yelp.com/biz/the-salad-place-and-breakfast-latin-food-san-francisco,The Salad Place & Breakfast Latin Food,4.7,129,True,$$,,"Sandwiches, Salad, Breakfast & Brunch"
https://www.yelp.com/biz/rusty-ladle-san-francisco,Rusty Ladle,4.7,126,True,,,Soup
https://www.yelp.com/biz/industry-pizza-south-san-francisco,Industry Pizza,4.7,86,True,$$,,"Pizza, Desserts, Salad"
https://www.yelp.com/biz/san-panchos-tacos-san-francisco-3,San Pancho's Tacos,4.7,85,True,$,,"Food Trucks, Tacos"
https://www.yelp.com/biz/north-bay-bagels-and-donuts-san-francisco-2,North Bay Bagels & Donuts,4.7,77,True,,,"Donuts, Bagels, Sandwiches"
https://www.yelp.com/biz/machu-picchu-cafe-san-francisco,Machu Picchu Cafe,4.7,75,True,$,,Cafes
https://www.yelp.com/biz/sams-food-market-san-bruno,Sam's Food Market,4.7,68,True,$,,"Grocery, Sandwiches"
https://www.yelp.com/biz/the-halfway-club-san-francisco,The Halfway Club,4.7,64,True,,,"Wine Bars, American, Cocktail Bars"
https://www.yelp.com/biz/apr%C3%A8s-vous-san-francisco,Après Vous,4.7,63,True,,,"Specialty Food, Italian, French"
https://www.yelp.com/biz/delam-san-francisco,Delam,4.7,54,True,,,"Wine Bars, Persian/Iranian"
https://www.yelp.com/biz/freshito-san-francisco,Freshito,4.7,47,True,,,"Creperies, Ice Cream & Frozen Yogurt, Mexican"
https://www.yelp.com/biz/hop-oast-pub-and-brewery-san-francisco,Hop Oast Pub & Brewery,4.7,45,True,,,"Breweries, Pubs, Sandwiches"
https://www.yelp.com/biz/cafe-gonzalez-san-francisco,Cafe Gonzalez,4.7,42,True,$,,"Breakfast & Brunch, Cafes, Coffee & Tea"
https://www.yelp.com/biz/out-the-road-san-francisco,Out The Road,4.7,40,True,$$,,"Sports Bars, Cocktail Bars, Sandwiches"
https://www.yelp.com/biz/la-copa-loca-san-francisco-6,La Copa Loca,4.7,29,True,,,"Gelato, Coffee & Tea, Creperies"
https://www.yelp.com/biz/riposo-south-san-francisco,Riposo,4.7,25,True,,,"Italian, Pizza, Sandwiches"
https://www.yelp.com/biz/the-coffee-movement-san-francisco-5,The Coffee Movement,4.7,22,True,,,"Cafes, Coffee & Tea, Donuts"
https://www.yelp.com/biz/overkill-grill-san-francisco,Overkill Grill,4.7,19,True,,,American
https://www.yelp.com/biz/taqueria-gonzalez-ocean-sf-san-francisco,Taqueria Gonzalez Ocean SF,4.7,19,True,,,Mexican
https://www.yelp.com/biz/super-crown-catering-south-san-francisco,Super Crown Catering,4.7,16,True,$$,,"Food Trucks, Sandwiches, Food Delivery Services"
https://www.yelp.com/biz/bean-dream-san-francisco,Bean Dream,4.7,15,True,$,,"Coffee & Tea, Sandwiches, Salad"
https://www.yelp.com/biz/el-burger-san-francisco,El Burger,4.7,15,True,,,"Burgers, Cocktail Bars, Desserts"
https://www.yelp.com/biz/konbini-san-francisco,Konbini,4.7,15,True,,,"Japanese, Specialty Food, International Grocery"
https://www.yelp.com/biz/d-maize-san-francisco-5,D'maize,4.7,12,True,,,"Breakfast & Brunch, Mexican, Salvadoran"
https://www.yelp.com/biz/jim-s-by-mlvs-san-francisco,Jim’s By Mlvs,4.7,9,True,,,"Diners, Breakfast & Brunch, American"
https://www.yelp.com/biz/bonita-chilanga-san-francisco,Bonita Chilanga,4.7,7,True,,,"Mexican, Food Trucks, Soup"
https://www.yelp.com/biz/the-fold-san-francisco,The Fold,4.7,3,True,,,"Venues & Event Spaces, Cafes"
https://www.yelp.com/biz/kunugi-noodle-daly-city,Kunugi Noodle,4.7,3,True,,,"Japanese, Noodles"
https://www.yelp.com/biz/poke-to-the-max-san-francisco,Poke to the Max,4.7,3,True,,,"Hawaiian, Poke, Breakfast & Brunch"
https://www.yelp.com/biz/kizuki-ramen-and-izakaya-san-francisco-3,Kizuki Ramen & Izakaya,4.6,1692,True,$$,,"Izakaya, Ramen"
https://www.yelp.com/biz/kittea-san-francisco-6,KitTea,4.6,1090,True,$$,,"Pet Adoption, Themed Cafes"
https://www.yelp.com/biz/san-ho-won-san-francisco-2,San Ho Won,4.6,947,True,$$$$,,"Korean, Barbeque"
https://www.yelp.com/biz/hidden-spot-south-san-francisco-south-san-francisco,Hidden Spot - South San Francisco,4.6,809,True,$$,,"Sandwiches, Burgers, Sports Bars"
https://www.yelp.com/biz/breakfast-little-san-francisco-2,Breakfast Little,4.6,803,True,$$,,"Coffee & Tea, Breakfast & Brunch, Cafes"
https://www.yelp.com/biz/old-skool-cafe-san-francisco,Old Skool Cafe,4.6,708,True,$$,,"Soul Food, American, Beer, Wine & Spirits"
https://www.yelp.com/biz/lous-cafe-san-francisco-2,Lou's Cafe,4.6,601,True,$$,,"Breakfast & Brunch, Cafes"
https://www.yelp.com/biz/top-pot-pacifica,Top Pot,4.6,445,True,$$$,,Hot Pot
https://www.yelp.com/biz/lotus-falafel-and-shawerma-san-bruno-san-bruno-2,Lotus Falafel and Shawerma-San Bruno,4.6,432,True,$$,,"Mediterranean, Halal, Kebab"
https://www.yelp.com/biz/sushi-sheng-san-francisco,Sushi Sheng,4.6,412,True,,,Japanese
https://www.yelp.com/biz/naan-point-san-bruno,Naan Point,4.6,399,True,$$,,Indian
https://www.yelp.com/biz/kahnfections-san-francisco,Kahnfections,4.6,356,True,$,,"Bakeries, Coffee & Tea, Breakfast & Brunch"
https://www.yelp.com/biz/mumu-hot-pot-san-francisco,Mumu Hot Pot,4.6,309,True,$$$,,"Hot Pot, Vegetarian"
https://www.yelp.com/biz/soul-rice-pacifica,Soul Rice,4.6,293,True,$$,,Chinese
https://www.yelp.com/biz/georges-zoo-liquor-deli-san-francisco,George's Zoo Liquor Deli,4.6,281,True,$,,"Beer, Wine & Spirits, Sandwiches"
https://www.yelp.com/biz/dumpling-zone-san-francisco,Dumpling Zone,4.6,261,True,$$,,"Dim Sum, Noodles"
https://www.yelp.com/biz/donaji-san-francisco-2,Donaji,4.6,222,True,$$,,"Mexican, Cocktail Bars, Desserts"
https://www.yelp.com/biz/grill-kebabs-and-gyros-south-san-francisco,Grill Kebabs and Gyros,4.6,215,True,$$,,"Mediterranean, Kebab, Greek"
https://www.yelp.com/biz/mixto-latin-cuisine-san-francisco,Mixto Latin Cuisine,4.6,195,True,,,"Peruvian, Latin American, Breakfast & Brunch"
https://www.yelp.com/biz/grand-leader-market-san-bruno,Grand Leader Market,4.6,190,True,$$,,"Delis, Sandwiches, Beer, Wine & Spirits"
https://www.yelp.com/biz/dumpling-kitchen-noe-valley-san-francisco-3,Dumpling Kitchen Noe Valley,4.6,177,True,,,"Shanghainese, Asian Fusion, Szechuan"
https://www.yelp.com/biz/gumbo-social-san-francisco,Gumbo Social,4.6,174,True,$$,,"Soul Food, Sandwiches"
https://www.yelp.com/biz/california-bakery-san-francisco-3,California Bakery,4.6,169,True,$$,,"Bakeries, Coffee & Tea, Sandwiches"
https://www.yelp.com/biz/wildflour-south-san-francisco,Wildflour,4.6,166,True,$$,,"Beer Bar, Bakeries, Sandwiches"
https://www.yelp.com/biz/gola-san-francisco,Gola,4.6,159,True,,,"Mediterranean, Cocktail Bars, Desserts"
https://www.yelp.com/biz/sweet-chinito-coffee-san-francisco-2,Sweet Chinito Coffee,4.6,158,True,$,,"Coffee & Tea, Sandwiches, Ice Cream & Frozen Yogurt"
https://www.yelp.com/biz/the-boys-deli-san-bruno,The Boys’ Deli,4.6,158,True,$$,,"Delis, Sandwiches"
https://www.yelp.com/biz/jump-start-coffee-and-deli-san-francisco-2,Jump Start Coffee & Deli,4.6,143,True,$,,"Coffee & Tea, Sandwiches, Beer, Wine & Spirits"
https://www.yelp.com/biz/chacho-sushi-san-francisco,Chacho Sushi,4.6,118,True,$$,,Sushi Bars
https://www.yelp.com/biz/chiotras-grocery-san-francisco,Chiotras Grocery,4.6,107,True,$,,"Grocery, Delis, Beer, Wine & Spirits"
https://www.yelp.com/biz/memento-sf-san-francisco-3,Memento SF,4.6,105,True,,,"New American, Cocktail Bars, Breakfast & Brunch"
https://www.yelp.com/biz/panj-aab-indian-cuisine-pacifica,PanJ Aab Indian Cuisine,4.6,105,True,$$,,Indian
https://www.yelp.com/biz/dolores-deluxe-san-francisco,Dolores Deluxe,4.6,104,True,$$,,"Beer, Wine & Spirits, Grocery, Sandwiches"
https://www.yelp.com/biz/white-palace-liquor-store-san-francisco-5,White Palace Liquor Store,4.6,103,True,$,,"Beer, Wine & Spirits, Convenience Stores, Delis"
https://www.yelp.com/biz/hi-hat-san-francisco,Hi Hat,4.6,94,True,$$,,"Beer Bar, Pizza, Salad"
https://www.yelp.com/biz/pho-golden-san-francisco-2,Pho Golden,4.6,94,True,$$,,"Vietnamese, Noodles, Soup"
https://www.yelp.com/biz/the-korner-store-bites-and-vibes-san-francisco,The Korner Store Bites & Vibes,4.6,89,True,$$,,"Korean, Bars, Venues & Event Spaces"
https://www.yelp.com/biz/kolapasi-san-francisco-5,Kolapasi,4.6,88,True,,,Indian
https://www.yelp.com/biz/creative-ideas-cafe-san-francisco-2,Creative Ideas Cafe,4.6,84,True,$$,,"Colombian, Mexican, Cafes"
https://www.yelp.com/biz/bir-kitchen-san-francisco,Bir Kitchen,4.6,63,True,,,"Indian, Himalayan/Nepalese"
https://www.yelp.com/biz/espostos-catering-south-san-francisco-2,Esposto's Catering,4.6,61,True,$$,,"Caterers, Italian"
https://www.yelp.com/biz/caprizza-ristorante-san-francisco,Caprizza Ristorante,4.6,56,True,,,"Italian, Pizza, Seafood"
https://www.yelp.com/biz/komaaj-pila-bazzar-san-francisco,Komaaj Pila Bazzar,4.6,55,True,,,"Persian/Iranian, Coffee & Tea, Herbs & Spices"
https://www.yelp.com/biz/chicano-nuevo-san-francisco,Chicano Nuevo,4.6,55,True,$$,,"Mexican, Pop-Up Restaurants"
https://www.yelp.com/biz/tacos-el-charrito-colma,Tacos El Charrito,4.6,53,True,$,,"Mexican, Food Trucks"
https://www.yelp.com/biz/little-nepal-indian-cuisine-san-francisco,Little Nepal Indian Cuisine,4.6,52,True,,,"Indian, Himalayan/Nepalese"
https://www.yelp.com/biz/brazuca-grill-san-francisco-2,Brazuca Grill,4.6,48,True,$$,,"Brazilian, Food Trucks, Acai Bowls"
https://www.yelp.com/biz/la-linda-san-francisco,La Linda,4.6,46,True,,,"New Mexican Cuisine, Cafes, Breakfast & Brunch"
https://www.yelp.com/biz/iggys-burger-san-francisco,Iggys Burger,4.6,41,True,,,Burgers
https://www.yelp.com/biz/smoke-soul-kitchen-san-francisco-2,Smoke Soul Kitchen,4.6,41,True,,,"Soul Food, Breakfast & Brunch, Sandwiches"
https://www.yelp.com/biz/antigua-guatemala-restaurant-san-francisco,Antigua Guatemala Restaurant,4.6,38,True,,,"Latin American, Breakfast & Brunch, Sandwiches"
https://www.yelp.com/biz/bruno-s-pizza-and-grill-san-francisco,Bruno's Pizza & Grill,4.6,36,True,,,"Pizza, Pasta Shops, Sandwiches"
https://www.yelp.com/biz/keiko-s-coffee-shop-san-francisco,Keiko’s Coffee Shop,4.6,35,True,,,"Breakfast & Brunch, Coffee & Tea, Sandwiches"
https://www.yelp.com/biz/golden-gate-pizza-and-indian-cuisine-san-francisco-5,Golden Gate Pizza & Indian Cuisine,4.6,33,True,,,"Indian, Pizza"
https://www.yelp.com/biz/mi-comedor-san-francisco,Mi Comedor,4.6,27,True,,,"Tacos, Street Vendors"
https://www.yelp.com/biz/ccsf-chef-s-table-san-francisco,CCSF Chef’s Table,4.6,26,True,$,,"Sandwiches, Salad, American"
https://www.yelp.com/biz/fat-cat-and-the-mantis-san-francisco,Fat Cat & The Mantis,4.6,25,True,,,"Wine Bars, Vietnamese"
https://www.yelp.com/biz/two-pitchers-brewing-san-francisco,Two Pitchers Brewing,4.6,23,True,,,"Bars, Breweries, Burgers"
https://www.yelp.com/biz/cafe-xiloa-daly-city,Cafe Xiloa,4.6,23,True,,,"Breakfast & Brunch, Nicaraguan, Cafes"
https://www.yelp.com/biz/bettys-taqueria-south-san-francisco,Betty's Taqueria,4.6,22,True,,,"Food Trucks, Mexican"
https://www.yelp.com/biz/lincoln-market-and-deli-san-francisco-2,Lincoln  Market & Deli,4.6,21,True,,,"Delis, Grocery"
https://www.yelp.com/biz/la-bonita-daly-city,La Bonita,4.6,17,True,,,"Mexican, Food Trucks"
https://www.yelp.com/biz/yuexiang-san-francisco,Yuexiang,4.6,16,True,,,"Noodles, Chinese"
https://www.yelp.com/biz/rice-lyfe-san-francisco,Rice Lyfe,4.6,15,True,,,"Sushi Bars, Asian Fusion"
https://www.yelp.com/biz/namaste-indian-cuisine-san-francisco,Namaste Indian Cuisine,4.6,14,True,,,Indian
https://www.yelp.com/biz/tacos-santo-toribio-san-francisco-2,Tacos Santo Toribio,4.6,11,True,,,"Food Trucks, Tacos"
https://www.yelp.com/biz/tainos-puerto-rican-food-san-francisco,Tainos Puerto Rican Food,4.6,10,True,$$,,"Puerto Rican, Caterers"
https://www.yelp.com/biz/mimino-daly-city-3,Mimino,4.6,10,True,,,"Georgian, Food Delivery Services"
https://www.yelp.com/biz/taqueria-sahuayo-south-san-francisco,Taqueria Sahuayo,4.6,9,True,,,Mexican
https://www.yelp.com/biz/adelitas-antojitos-san-francisco,Adelita's Antojitos,4.6,8,True,,,"Salvadoran, Pop-Up Restaurants, Mexican"
https://www.yelp.com/biz/wise-sons-jewish-delicatessen-san-francisco-21,Wise Sons Jewish Delicatessen,4.6,8,True,,,"Bagels, Sandwiches, Breakfast & Brunch"
https://www.yelp.com/biz/buko-bakes-san-francisco,Buko Bakes,4.6,5,True,,,"Desserts, Bakeries, Pop-Up Restaurants"
https://www.yelp.com/biz/taqueria-san-bruno-san-bruno,Taqueria San Bruno,4.5,2044,True,$$,,Mexican
https://www.yelp.com/biz/jagalchi-daly-city-5,Jagalchi,4.5,1929,True,$$,,"Seafood Markets, International Grocery, Korean"
https://www.yelp.com/biz/anchor-oyster-bar-san-francisco,Anchor Oyster Bar,4.5,1796,True,$$,,Seafood
https://www.yelp.com/biz/submarine-center-san-francisco,Submarine Center,4.5,1620,True,$$,,"Italian, Sandwiches, Pizza"
https://www.yelp.com/biz/basa-seafood-express-san-francisco,Basa Seafood Express,4.5,1290,True,$$,,"Seafood, Burgers, Poke"
https://www.yelp.com/biz/roxie-food-center-san-francisco,Roxie Food Center,4.5,1244,True,$$,,"Grocery, Sandwiches"
https://www.yelp.com/biz/khao-tiew-san-francisco-2,Khao Tiew,4.5,843,True,$$,,Thai
https://www.yelp.com/biz/hot-johnnie-s-smokehouse-san-francisco-13,HOT JOHNNIE’S SMOKEHOUSE,4.5,627,True,$$,,"Barbeque, Breakfast & Brunch, Venues & Event Spaces"
https://www.yelp.com/biz/the-pizza-shop-san-francisco,The Pizza Shop,4.5,612,True,$,,Pizza
https://www.yelp.com/biz/chome-san-francisco-3,Chome,4.5,604,True,$$$,,"Izakaya, Ramen, Sushi Bars"
https://www.yelp.com/biz/go-go-7-san-francisco-4,Go Go 7,4.5,545,True,$$,,Korean
https://www.yelp.com/biz/higher-grounds-coffee-house-san-francisco,Higher Grounds Coffee House,4.5,534,True,$$,,"Coffee & Tea, Creperies, Breakfast & Brunch"
https://www.yelp.com/biz/ocean-ale-house-san-francisco,Ocean Ale House,4.5,438,True,$$,,"Beer Gardens, New American"
https://www.yelp.com/biz/base-camp-san-francisco,Base Camp,4.5,418,True,$$,,Himalayan/Nepalese
https://www.yelp.com/biz/kitten-and-pinky-pacifica,Kitten and Pinky,4.5,326,True,$,,"Vietnamese, Sandwiches, Coffee & Tea"
https://www.yelp.com/biz/subculture-deli-south-san-francisco,Subculture Deli,4.5,326,True,$$,,"Delis, Sandwiches"
https://www.yelp.com/biz/the-salad-place-san-francisco-4,The Salad Place,4.5,294,True,$,,"American, Salad, Breakfast & Brunch"
https://www.yelp.com/biz/mission-curry-house-san-francisco,Mission Curry House,4.5,278,True,$$,,"Indian, Himalayan/Nepalese, Vegan"
https://www.yelp.com/biz/marufuku-ramen-serramonte-daly-city-3,Marufuku Ramen - Serramonte,4.5,277,True,$$,,"Ramen, Noodles"
https://www.yelp.com/biz/chisai-sushi-club-san-francisco-2,Chisai Sushi Club,4.5,275,True,$$$$,,"Sushi Bars, Japanese"
https://www.yelp.com/biz/ichika-izakaya-san-bruno,Ichika Izakaya,4.5,273,True,$$$,,"Sushi Bars, Izakaya"
https://www.yelp.com/biz/mike-and-kens-deli-south-san-francisco-2,Mike & Ken's Deli,4.5,262,True,$,,"Bagels, Sandwiches, Breakfast & Brunch"
https://www.yelp.com/biz/upfordayz-coffee-tea-and-juice-san-francisco-2,"UpForDayz Coffee, Tea & Juice",4.5,261,True,$,,"Coffee & Tea, Juice Bars & Smoothies, Breakfast & Brunch"
https://www.yelp.com/biz/seafood-station-san-francisco,Seafood Station,4.5,255,True,$$,,"Seafood, Cajun/Creole, New American"
https://www.yelp.com/biz/destapas-san-francisco,Destapas,4.5,253,True,$$$,,"Spanish, Tapas Bars, Wine Bars"
https://www.yelp.com/biz/fog-city-cafe-daly-city,Fog City Cafe,4.5,246,True,$$,,"Coffee & Tea, Breakfast & Brunch, Sandwiches"
https://www.yelp.com/biz/glen-park-cafe-san-francisco-2,Glen Park Cafe,4.5,221,True,,,"Breakfast & Brunch, Burgers, Sandwiches"
https://www.yelp.com/biz/one-love-cafe-san-bruno,One Love Cafe,4.5,221,True,$$,,"Coffee & Tea, Breakfast & Brunch, Desserts"
https://www.yelp.com/biz/healthyish-republic-san-francisco,Healthyish Republic,4.5,201,True,$$,,"Mediterranean, Breakfast & Brunch, Desserts"
https://www.yelp.com/biz/zaza-grill-pacifica-2,Zaza Grill,4.5,196,True,$$,,Mediterranean
https://www.yelp.com/biz/waterfall-san-francisco,Waterfall,4.5,193,True,$$,,"Seafood, Latin American"
https://www.yelp.com/biz/fenikkusu-san-francisco,Fenikkusu,4.5,180,True,,,"Japanese, Tapas/Small Plates"
https://www.yelp.com/biz/sangria-and-salt-san-francisco-2,Sangria & Salt,4.5,177,True,$$,,"Bars, Tapas Bars, Latin American"
https://www.yelp.com/biz/pasta-panino-san-francisco,Pasta Panino,4.5,167,True,$$,,"Italian, Pasta Shops, Sandwiches"
https://www.yelp.com/biz/au-sushi-san-francisco,Au Sushi,4.5,163,True,,,"Sushi Bars, Seafood, Ramen"
https://www.yelp.com/biz/blue-house-caf%C3%A9-san-francisco,Blue House Café,4.5,163,True,$,,"Coffee & Tea, Cafes"
https://www.yelp.com/biz/banan-san-francisco-5,Banan,4.5,153,True,$$,,"Ice Cream & Frozen Yogurt, Juice Bars & Smoothies, Vegan"
https://www.yelp.com/biz/tato-san-francisco,Tato,4.5,147,True,$$,,Mexican
https://www.yelp.com/biz/the-deli-lama-san-francisco,The Deli Lama,4.5,137,True,$$,,"Delis, Cheesesteaks, Breakfast & Brunch"
https://www.yelp.com/biz/teazzert-pho-you-san-francisco-2,Teazzert Pho You,4.5,137,True,$$,,"Desserts, Coffee & Tea, Vietnamese"
https://www.yelp.com/biz/heroic-italian-san-francisco-5,Heroic Italian,4.5,136,True,,,"Italian, Sandwiches, Wine Bars"
https://www.yelp.com/biz/o-briens-irish-pub-san-francisco,O'Brien's Irish Pub,4.5,128,True,$$,,"Irish Pub, Sports Bars, Breakfast & Brunch"
https://www.yelp.com/biz/billingsgate-san-francisco,Billingsgate,4.5,127,True,,,"Seafood, Bars, Seafood Markets"
https://www.yelp.com/biz/burma-silver-star-daly-city,Burma Silver Star,4.5,127,True,,,Burmese
https://www.yelp.com/biz/new-college-hill-market-san-francisco,New College Hill Market,4.5,121,True,$,,"Convenience Stores, Bagels, Sandwiches"
https://www.yelp.com/biz/after-hours-ramen-san-francisco-2,After Hours Ramen,4.5,114,True,$$,,"Bubble Tea, Ramen"
https://www.yelp.com/biz/ruby-s-san-francisco,Ruby’s,4.5,107,True,$$,,New American
https://www.yelp.com/biz/megan-s-table-san-francisco-2,Megan’s Table,4.5,107,True,$$,,"Cambodian, Thai, Comfort Food"
https://www.yelp.com/biz/flats-burgers-san-francisco-3,Flats Burgers,4.5,102,True,,,"Fast Food, Asian Fusion, Burgers"
https://www.yelp.com/biz/charm-coffee-san-francisco,Charm Coffee,4.5,92,True,$,,"Cafes, Coffee & Tea"
https://www.yelp.com/biz/mr-liquor-san-francisco,Mr. Liquor,4.5,84,True,$,,"Beer, Wine & Spirits, Delis, Sandwiches"
https://www.yelp.com/biz/tasty-coffee-san-francisco,Tasty Coffee,4.5,83,True,$,,"Coffee & Tea, Breakfast & Brunch, Sandwiches"
https://www.yelp.com/biz/pizza-lover-south-san-francisco-4,Pizza Lover,4.5,83,True,,,"Pizza, Sandwiches, Pasta Shops"
https://www.yelp.com/biz/cer%C3%A9-tea-san-francisco,Ceré Tea,4.5,82,True,,,"Cafes, Coffee & Tea, Bubble Tea"
https://www.yelp.com/biz/grand-seven-food-liquor-and-deli-san-francisco,Grand Seven Food Liquor & Deli,4.5,82,True,$,,"Delis, Sandwiches"
https://www.yelp.com/biz/happy-donut-daly-city,Happy Donut,4.5,81,True,$,,"Bagels, Donuts, Sandwiches"
https://www.yelp.com/biz/copper-bar-kitchen-and-microbrewery-san-francisco,Copper Bar Kitchen & Microbrewery,4.5,71,True,$$,,"Cocktail Bars, Breakfast & Brunch"
https://www.yelp.com/biz/chico-marx-south-san-francisco,Chico Marx,4.5,62,True,,,"Latin American, Tapas/Small Plates, Cocktail Bars"
https://www.yelp.com/biz/modo-hawaii-san-francisco-2,Modo Hawaii,4.5,61,True,$$,,"Donuts, Poke, Hawaiian"
https://www.yelp.com/biz/falasteen-san-francisco,Falasteen,4.5,60,True,,,Middle Eastern
https://www.yelp.com/biz/hidden-spot-exl-san-francisco,Hidden Spot EXL,4.5,54,True,,,"Burgers, Sandwiches, Chicken Wings"
https://www.yelp.com/biz/spiral-flame-san-bruno,Spiral Flame,4.5,48,True,,,"Japanese, Sushi Bars, Barbeque"
https://www.yelp.com/biz/nimet-doner-san-bruno-2,Nimet Doner,4.5,47,True,$$,,"Sandwiches, Food Trucks, Turkish"
https://www.yelp.com/biz/la-cafeteria-daly-city,La Cafeteria,4.5,45,True,,,"Coffee & Tea, Sandwiches, Breakfast & Brunch"
https://www.yelp.com/biz/lolt%C3%BAn-restaurant-san-francisco,Loltún Restaurant,4.5,40,True,,,Mexican
https://www.yelp.com/biz/camber-south-san-francisco,Camber,4.5,38,True,,,"Cocktail Bars, French, Lounges"
https://www.yelp.com/biz/penelopes-coffee-and-tea-daly-city,Penelope's Coffee & Tea,4.5,37,True,$$,,"Coffee & Tea, Breakfast & Brunch, Sandwiches"
https://www.yelp.com/biz/pizza-and-pasta-house-daly-city,Pizza & Pasta House,4.5,32,True,,,"Pizza, Pasta Shops"
https://www.yelp.com/biz/butchertown-coffee-san-francisco-2,Butchertown Coffee,4.5,26,True,,,"Coffee & Tea, Desserts, Sandwiches"
https://www.yelp.com/biz/tinto-san-francisco-2,Tinto,4.5,25,True,,,"Wine Bars, Persian/Iranian, Middle Eastern"
https://www.yelp.com/biz/padoca-san-bruno,Padoca,4.5,25,True,,,"Bakeries, Brazilian"
https://www.yelp.com/biz/tortas-and-tacos-la-cruzazuleada-south-san-francisco,Tortas & Tacos La Cruzazuleada,4.5,20,True,,,"Tacos, Food Trucks"
https://www.yelp.com/biz/leos-hot-dogs-san-francisco,Leo's Hot Dogs,4.5,18,True,$,,"Hot Dogs, Street Vendors"
https://www.yelp.com/biz/boil-tea-san-francisco,Boil Tea,4.5,14,True,,,"Shaved Ice, Creperies, Bubble Tea"
https://www.yelp.com/biz/mama-mari-s-taqueria-san-francisco,Mama Mari’s Taqueria,4.5,13,True,,,Tacos
https://www.yelp.com/biz/the-parlour-house-brisbane,The Parlour House,4.5,10,True,,,American
https://www.yelp.com/biz/san-marcos-restaurant-san-francisco,San Marcos Restaurant,4.5,6,True,,,Mexican
https://www.yelp.com/biz/garcias-salvadorean-kitchen-south-san-francisco,Garcia's Salvadorean Kitchen,4.5,6,True,,,"Food Trucks, Comfort Food, Salvadoran"
https://www.yelp.com/biz/tart-mama-san-francisco,Tart Mama,4.5,4,True,,,"Food Stands, Bakeries"
https://www.yelp.com/biz/fiesta-chapina-restaurant-daly-city,Fiesta Chapina Restaurant,4.5,4,True,,,"Mexican, Latin American"
https://www.yelp.com/biz/basic-ingredient-solutions-san-francisco,Basic Ingredient Solutions,4.5,2,True,,,"Food Stands, Vegan, Tacos"
https://www.yelp.com/biz/hot-dog-stand-mission-san-francisco,Hot Dog Stand Mission,4.5,2,True,$,,"Hot Dogs, Food Stands"
https://www.yelp.com/biz/24th-street-bart-tamale-pupusa-lady-san-francisco,24th Street BART Tamale/Pupusa Lady,4.5,2,True,$,,Latin American
https://www.yelp.com/biz/ntr-biryani-san-francisco,NTR Biryani,4.5,2,True,,,Indian
https://www.yelp.com/biz/peaches-patties-san-francisco-5,Peaches Patties,4.5,2,True,,,Caribbean
https://www.yelp.com/biz/aurora-restaurant-san-francisco,Aurora Restaurant,4.5,2,True,,,Mexican
https://www.yelp.com/biz/jerrold-market-place-san-francisco,Jerrold Market Place,4.5,2,True,,,Breakfast & Brunch
https://www.yelp.com/biz/roli-roti-gourmet-rotisserie-daly-city,Roli Roti Gourmet Rotisserie,4.5,2,True,,,"Chicken Shop, Sandwiches, Food Trucks"
https://www.yelp.com/biz/hillside-mexican-grill-south-san-francisco,Hillside Mexican Grill,4.5,2,True,,,Mexican
https://www.yelp.com/biz/cafe-cinema-at-century-theater-san-bruno,Cafe Cinema At Century Theater,4.5,2,True,,,Cafes
https://www.yelp.com/biz/supreme-dumpling-stonestown-san-francisco-2,Supreme Dumpling Stonestown,4.4,2084,True,$$,,"Dim Sum, Shanghainese, Taiwanese"
https://www.yelp.com/biz/la-ciccia-san-francisco,La Ciccia,4.4,1317,True,$$$,,"Seafood, Sardinian"
https://www.yelp.com/biz/bart-grocery-and-bbq-daly-city,Bart Grocery & BBQ,4.4,1159,True,$$,,"Grocery, Korean, Barbeque"
https://www.yelp.com/biz/philz-coffee-san-francisco-53,Philz Coffee,4.4,1124,True,$,,"Coffee & Tea, Breakfast & Brunch"
https://www.yelp.com/biz/keith-s-chicken-n-waffles-daly-city,Keith’s Chicken N Waffles,4.4,1052,True,$$,,"Southern, Soul Food, Waffles"
https://www.yelp.com/biz/ichika-sushi-house-brisbane,Ichika Sushi House,4.4,1010,True,$$,,"Japanese, Sushi Bars, Seafood"
https://www.yelp.com/biz/lazy-bear-san-francisco-5,Lazy Bear,4.4,905,True,$$$$,,New American
https://www.yelp.com/biz/atlas-pizza-parlor-san-bruno-4,Atlas Pizza Parlor,4.4,781,True,$$,,"Chicken Wings, Pizza, Halal"
https://www.yelp.com/biz/thai-nghiep-ky-mi-gia-san-francisco,Thai Nghiep Ky Mi Gia,4.4,770,True,$$,,"Vietnamese, Chinese, Noodles"
https://www.yelp.com/biz/mr-pollo-san-francisco-3,Mr Pollo,4.4,724,True,$$$,,New American
https://www.yelp.com/biz/ty-sandwich-san-francisco,Ty Sandwich,4.4,575,True,$$,,"Sandwiches, Bubble Tea"
https://www.yelp.com/biz/grubbin-san-francisco,Grubbin',4.4,574,True,$$,,Sandwiches
https://www.yelp.com/biz/bourbon-pub-sfo-san-francisco-4,Bourbon Pub SFO,4.4,552,True,$$,,"New American, Sports Bars, Gastropubs"
https://www.yelp.com/biz/bac-lieu-restaurant-san-francisco,Bac Lieu Restaurant,4.4,543,True,$$,,"Vietnamese, Noodles, Soup"
https://www.yelp.com/biz/cafe-de-casa-south-san-francisco-2,Cafe De Casa,4.4,530,True,$$,,"Brazilian, Acai Bowls, Cafes"
https://www.yelp.com/biz/okaeri-japanese-bistro-san-francisco-3,Okaeri Japanese Bistro,4.4,529,True,$$,,"Sushi Bars, Japanese"
https://www.yelp.com/biz/city-kebabs-and-gyros-daly-city,City Kebabs And Gyros,4.4,521,True,$$,,"Mediterranean, Kebab, Wraps"
https://www.yelp.com/biz/amoura-restaurant-south-san-francisco,Amoura Restaurant,4.4,518,True,$$,,"Mediterranean, Middle Eastern, Cocktail Bars"
https://www.yelp.com/biz/king-katsu-land-daly-city,King Katsu Land,4.4,488,True,$$,,"Soul Food, Noodles, Korean"
https://www.yelp.com/biz/paprika-san-francisco,Paprika,4.4,478,True,$$,,"Czech, German, Hungarian"
https://www.yelp.com/biz/tilak-san-francisco,Tilak,4.4,460,True,$$,,Indian
https://www.yelp.com/biz/perfect-pour-cafe-pacifica,Perfect Pour Cafe,4.4,451,True,$$,,"Cafes, Breakfast & Brunch, Coffee & Tea"
https://www.yelp.com/biz/bacon-dog-cart-san-francisco,Bacon Dog Cart,4.4,446,True,$,,"Hot Dogs, Street Vendors"
https://www.yelp.com/biz/el-buen-comer-san-francisco-3,El Buen Comer,4.4,446,True,$$,,"Mexican, Cocktail Bars"
https://www.yelp.com/biz/le-soleil-san-francisco-6,Le Soleil,4.4,413,True,,,"Vietnamese, Asian Fusion, Seafood"
https://www.yelp.com/biz/tortas-los-picudos-san-francisco,Tortas Los Picudos,4.4,384,True,$$,,"Mexican, Juice Bars & Smoothies, Sandwiches"
https://www.yelp.com/biz/guss-community-market-san-francisco-6,Gus's Community Market,4.4,380,True,$$,,"Fruits & Veggies, Grocery, Delis"
https://www.yelp.com/biz/thats-amore-woodfire-pizza-san-francisco,That's Amore Woodfire Pizza,4.4,367,True,$$,,"Pizza, Beer, Wine & Spirits, Italian"
https://www.yelp.com/biz/philz-coffee-san-francisco-49,Philz Coffee,4.4,356,True,$,,"Coffee & Tea, Breakfast & Brunch"
https://www.yelp.com/biz/teanis-italian-deli-south-san-francisco,Teani's Italian Deli,4.4,351,True,$$,,"Delis, Italian, Sandwiches"
https://www.yelp.com/biz/francos-latin-table-san-francisco-2,Franco's Latin Table,4.4,344,True,$$$,,"Latin American, Peruvian, Seafood"
https://www.yelp.com/biz/chuys-fiestas-san-francisco-3,Chuy's Fiestas,4.4,344,True,$$,,Mexican
https://www.yelp.com/biz/dumpling-specialist-san-francisco-2,Dumpling Specialist,4.4,342,True,$$,,"Dim Sum, Shanghainese, Taiwanese"
https://www.yelp.com/biz/spicy-house-daly-city-2,Spicy House,4.4,339,True,$$,,Chinese
https://www.yelp.com/biz/ls-caffe-san-francisco,L's Caffe,4.4,296,True,$,,"Coffee & Tea, Sandwiches, Bagels"
https://www.yelp.com/biz/lost-resort-san-francisco,Lost Resort,4.4,281,True,$$,,"American, Cocktail Bars, Breakfast & Brunch"
https://www.yelp.com/biz/cochinita-south-san-francisco,Cochinita,4.4,272,True,$$,,Mexican
https://www.yelp.com/biz/kingdom-of-dumpling-homemade-san-francisco,Kingdom of Dumpling - Homemade,4.4,253,True,$,,"Grocery, Chinese, Food Delivery Services"
https://www.yelp.com/biz/dumpling-bites-san-francisco,Dumpling Bites,4.4,237,True,$$,,"Noodles, Soup, Chinese"
https://www.yelp.com/biz/mijot%C3%A9-san-francisco,Mijoté,4.4,235,True,,,French
https://www.yelp.com/biz/banh-mi-love-san-francisco,Banh Mi Love,4.4,231,True,$$,,"Vietnamese, Sandwiches"
https://www.yelp.com/biz/go-duck-yourself-san-francisco-3,Go Duck Yourself,4.4,227,True,$$,,"Barbeque, Cantonese"
https://www.yelp.com/biz/zaatar-san-francisco,Za'atar,4.4,205,True,,,"Mediterranean, Wraps, Salad"
https://www.yelp.com/biz/russ-fam-kitchen-daly-city-2,Russ Fam Kitchen,4.4,194,True,$$,,"Mexican, Filipino, Asian Fusion"
https://www.yelp.com/biz/galinette-san-francisco-3,Galinette,4.4,191,True,$$$,,"French, Coffee & Tea, Burgers"
https://www.yelp.com/biz/sanguchon-eatery-san-francisco,Sanguchon Eatery,4.4,188,True,$$,,"Peruvian, Sandwiches"
https://www.yelp.com/biz/new-daly-city-market-daly-city-2,New Daly City Market,4.4,188,True,$$,,"Beer, Wine & Spirits, Sandwiches, Ice Cream & Frozen Yogurt"
https://www.yelp.com/biz/kings-west-coast-pizzeria-daly-city,Kings West Coast Pizzeria,4.4,183,True,$$,,"Pizza, Italian, Pasta Shops"
https://www.yelp.com/biz/fort-point-valencia-san-francisco-4,Fort Point - Valencia,4.4,178,True,$$,,"Breweries, Seafood, American"
https://www.yelp.com/biz/the-cheese-steak-shop-pacifica-2,The Cheese Steak Shop,4.4,175,True,$$,,"Sandwiches, Cheesesteaks"
https://www.yelp.com/biz/rockoto-peruvian-cuisine-south-san-francisco-2,Rockoto Peruvian cuisine,4.4,175,True,,,"Peruvian, Seafood, Cocktail Bars"
https://www.yelp.com/biz/maillards-smash-burgers-san-francisco,Maillards Smash Burgers,4.4,172,True,,,"Pop-Up Restaurants, Burgers"
https://www.yelp.com/biz/chaa-roen-pohn-san-francisco,Chaa Roen Pohn,4.4,171,True,$$,,"Laotian, Asian Fusion, Thai"
https://www.yelp.com/biz/casements-san-francisco-2,Casements,4.4,169,True,$$,,"Pubs, Irish, Beer Gardens"
https://www.yelp.com/biz/el-rey-taquiza-artesanal-san-francisco,El Rey Taquiza Artesanal,4.4,169,True,$$,,"Tacos, Beer Bar, Gastropubs"
https://www.yelp.com/biz/tadka-indian-restaurant-san-francisco,Tadka Indian Restaurant,4.4,150,True,$$,,"Indian, Pizza, Sports Bars"
https://www.yelp.com/biz/buddy-san-francisco,Buddy,4.4,149,True,,,"Wine Bars, Pizza, Cocktail Bars"
https://www.yelp.com/biz/universal-bakery-san-francisco,Universal Bakery,4.4,146,True,$,,"Bakeries, Empanadas, Breakfast & Brunch"
https://www.yelp.com/biz/deli-23-san-francisco-2,Deli 23,4.4,136,True,$,,Delis
https://www.yelp.com/biz/cubita-san-francisco-2,Cubita,4.4,134,True,,,"Cuban, Cocktail Bars"
https://www.yelp.com/biz/los-yaquis-san-francisco-2,Los Yaquis,4.4,134,True,,,Mexican
https://www.yelp.com/biz/the-brazilian-spot-san-francisco,The Brazilian Spot,4.4,128,True,$$,,"Cafes, Brazilian, Acai Bowls"
https://www.yelp.com/biz/inda-mely-san-bruno,Inda + Mely,4.4,127,True,,,"Filipino, Seafood, Noodles"
https://www.yelp.com/biz/charlie-s-cafe-san-francisco,Charlie’s Cafe,4.4,118,True,$$,,"Delis, Cafes"
https://www.yelp.com/biz/curry-pizza-house-south-san-francisco-2,Curry Pizza House South San Francisco,4.4,117,True,$$,,"Chicken Wings, Pizza, Indian"
https://www.yelp.com/biz/casa-de-la-condesa-restaurant-san-francisco,Casa De La Condesa Restaurant,4.4,104,True,$$,,"Mexican, Breakfast & Brunch"
https://www.yelp.com/biz/big-baba-eats-san-francisco,Big Baba Eats,4.4,102,True,,,"Mediterranean, Burgers, Chicken Wings"
https://www.yelp.com/biz/belmar-la-gallinita-meat-market-san-francisco,BelmarLagallinita Meat Market,4.4,100,True,$,,"Mexican, Meat Shops, Caterers"
https://www.yelp.com/biz/ka-kai-san-francisco,Ka Kai,4.4,90,True,,,Thai
https://www.yelp.com/biz/pasta-supply-san-francisco-3,Pasta Supply,4.4,90,True,,,"Pasta Shops, Italian"
https://www.yelp.com/biz/halal-shop-san-francisco-2,Halal Shop,4.4,80,True,$,,"Halal, Indian, Falafel"
https://www.yelp.com/biz/recovery-room-san-francisco-3,Recovery Room,4.4,72,True,$$,,"Sports Bars, American"
https://www.yelp.com/biz/dim-the-way-san-francisco,Dim The Way,4.4,70,True,$$,,Dim Sum
https://www.yelp.com/biz/eterna-primavera-bakery-san-francisco,Eterna Primavera Bakery,4.4,64,True,,,"Breakfast & Brunch, Bakeries"
https://www.yelp.com/biz/zon-zon-milk-tea-and-b%C3%A1nh-m%C3%AC-daly-city,Zon Zon Milk Tea & Bánh Mì,4.4,64,True,,,"Sandwiches, Vietnamese, Bubble Tea"
https://www.yelp.com/biz/go-chicken-san-francisco,Go Chicken,4.4,60,True,,,Chinese
https://www.yelp.com/biz/lava-lounge-and-grill-daly-city-6,Lava Lounge and Grill,4.4,60,True,,,"Hookah Bars, Lounges, Mediterranean"
https://www.yelp.com/biz/bluegrain-sandwich-market-south-san-francisco,Bluegrain Sandwich Market,4.4,58,True,$$,,"Sandwiches, Breakfast & Brunch"
https://www.yelp.com/biz/grumpy-cafe-san-francisco,Grumpy Cafe,4.4,54,True,$,,"Korean, American, Breakfast & Brunch"
https://www.yelp.com/biz/bambu-san-francisco-5,Bambu,4.4,49,True,$,,"Juice Bars & Smoothies, Bubble Tea, Vietnamese"
https://www.yelp.com/biz/italian-american-social-club-of-san-francisco-san-francisco-2,Italian-American Social Club of San Francisco,4.4,49,True,$$,,"Venues & Event Spaces, Italian, Social Clubs"
https://www.yelp.com/biz/dduk-dabang-san-francisco,Dduk Dabang,4.4,43,True,,,"Korean, Hot Dogs"
https://www.yelp.com/biz/espostos-delicatezza-south-san-francisco,Esposto's Delicatezza,4.4,34,True,,,"Delis, Sandwiches, Caterers"
https://www.yelp.com/biz/aroi-thai-san-francisco,Aroi Thai,4.4,32,True,,,Thai
https://www.yelp.com/biz/shwe-yankin-daly-city-2,Shwe Yankin,4.4,30,True,,,Burmese
https://www.yelp.com/biz/spanglers-market-san-francisco,Spangler's Market,4.4,29,True,$$,,"Grocery, Butcher, Delis"
https://www.yelp.com/biz/shaska-deli-cafe-san-francisco,Shaska Deli Cafe,4.4,22,True,,,"Latin American, Delis, Sandwiches"
https://www.yelp.com/biz/guero-s-taqueria-south-san-francisco,Guero’s Taqueria,4.4,21,True,$,,"Food Trucks, Tacos"
https://www.yelp.com/biz/sf-ceviche-19-san-francisco-2,SF Ceviche 19,4.4,14,True,,,Peruvian
https://www.yelp.com/biz/falafelia-mediterranean-san-francisco-3,Falafelia Mediterranean,4.4,7,True,,,Mediterranean
https://www.yelp.com/biz/cazuela-comida-mexicana-san-francisco,Cazuela Comida Mexicana,4.4,7,True,,,"Breakfast & Brunch, Tacos"
https://www.yelp.com/biz/restaurante-guatemalteco-ebenezer-san-francisco,Restaurante Guatemalteco Ebenezer,4.4,5,True,,,"Latin American, Comfort Food"
https://www.yelp.com/biz/new-wing-lung-bbq-house-san-francisco,New Wing Lung Bbq House,4.4,5,True,,,Chinese
https://www.yelp.com/biz/akshar-home-made-food-colma,Akshar Home Made Food,4.4,5,True,,,"Food Delivery Services, Indian, Vegetarian"
https://www.yelp.com/biz/original-crazy-greek-san-bruno,Original Crazy Greek,4.4,5,True,,,"Greek, Food Trucks"
https://www.yelp.com/biz/little-lucca-specialty-sandwich-shop-south-san-francisco,Little Lucca Specialty Sandwich Shop,4.3,3986,True,$$,,"Sandwiches, Caterers"
https://www.yelp.com/biz/devils-teeth-baking-company-san-francisco,Devil's Teeth Baking Company,4.3,2557,True,$$,,"Bakeries, Breakfast & Brunch, Sandwiches"
https://www.yelp.com/biz/bottega-san-francisco-2,Bottega,4.3,1776,True,$$$,,"Italian, Pasta Shops, Pizza"
https://www.yelp.com/biz/lovejoys-tea-room-san-francisco,Lovejoy's Tea Room,4.3,1442,True,$$,,"British, Tea Rooms"
https://www.yelp.com/biz/house-of-pancakes-san-francisco,House Of Pancakes,4.3,1342,True,$$,,"Noodles, Taiwanese, Pancakes"
https://www.yelp.com/biz/brothers-cafe-south-san-francisco-3,Brothers Cafe,4.3,1298,True,$$,,"New American, Cafes, Breakfast & Brunch"
https://www.yelp.com/biz/four-chairs-san-francisco,Four Chairs,4.3,1153,True,$$,,Breakfast & Brunch
https://www.yelp.com/biz/bursa-san-francisco,Bursa,4.3,1054,True,$$,,"Middle Eastern, Turkish, Mediterranean"
https://www.yelp.com/biz/saru-sushi-bar-san-francisco-7,Saru Sushi Bar,4.3,1047,True,$$$$,,"Sushi Bars, Japanese, Seafood"
https://www.yelp.com/biz/tacos-el-patr%C3%B3n-san-francisco-2,Tacos El Patron,4.3,1047,True,$$,,Tacos
https://www.yelp.com/biz/mr-szechuan-san-francisco,Mr Szechuan,4.3,893,True,$$,,"Chinese, Bubble Tea, Noodles"
https://www.yelp.com/biz/arizmendi-bakery-san-francisco-2,Arizmendi Bakery,4.3,823,True,$$,,"Bakeries, Pizza"
https://www.yelp.com/biz/rheas-deli-and-market-san-francisco,Rhea's Deli & Market,4.3,787,True,$$,,"Delis, Sandwiches"
https://www.yelp.com/biz/plain-jane-san-francisco,Plain Jane,4.3,752,True,$$,,Breakfast & Brunch
https://www.yelp.com/biz/new-taraval-cafe-san-francisco,New Taraval Cafe,4.3,733,True,$$,,"Breakfast & Brunch, Diners, Cafes"
https://www.yelp.com/biz/mustards-bar-and-grill-san-francisco,Mustards Bar & Grill,4.3,721,True,$$,,"American, Bars"
https://www.yelp.com/biz/superstar-restaurant-san-francisco,Superstar Restaurant,4.3,655,True,$,,"Filipino, Chinese, Breakfast & Brunch"
https://www.yelp.com/biz/sushi-hon-san-francisco,Sushi Hon,4.3,585,True,$$$$,,"Japanese, Sushi Bars"
https://www.yelp.com/biz/guerra-quality-meats-san-francisco,Guerra Quality Meats,4.3,577,True,$$,,"Meat Shops, Delis"
https://www.yelp.com/biz/noeteca-cafe-wine-bar-san-francisco,Noeteca Wine Bar,4.3,540,True,$$,,"Wine Bars, Cafes, Brazilian"
https://www.yelp.com/biz/roma-deli-san-bruno,Roma Deli,4.3,529,True,$$,,"Italian, Delis, Sandwiches"
https://www.yelp.com/biz/gateway-kitchen-daly-city,Gateway Kitchen,4.3,517,True,$,,"Filipino, Chinese, Breakfast & Brunch"
https://www.yelp.com/biz/hana-hawaiian-barbeque-san-bruno-2,Hana Hawaiian Barbeque,4.3,490,True,$$,,"Hawaiian, Barbeque, Fast Food"
https://www.yelp.com/biz/itria-san-francisco,Itria,4.3,452,True,,,Italian
https://www.yelp.com/biz/one-waan-thai-san-francisco,One Waan Thai,4.3,424,True,$$,,Thai
https://www.yelp.com/biz/nutes-san-francisco-3,Nute's,4.3,421,True,$$,,"Thai, Noodles, Ramen"
https://www.yelp.com/biz/wongs-cafe-daly-city,Wong's Cafe,4.3,415,True,$$,,"Chinese, Noodles"
https://www.yelp.com/biz/bay-pocha-san-francisco,Bay Pocha,4.3,406,True,$$,,Korean
https://www.yelp.com/biz/beloved-cafe-san-francisco,Beloved Cafe,4.3,390,True,$$,,"Coffee & Tea, Juice Bars & Smoothies, Vegan"
https://www.yelp.com/biz/castro-tarts-san-francisco-2,Castro Tarts,4.3,351,True,$,,"Vietnamese, Breakfast & Brunch, Sandwiches"
https://www.yelp.com/biz/mom-s-tofu-south-san-francisco,Mom’s Tofu,4.3,350,True,$$,,"Korean, Barbeque, Soup"
https://www.yelp.com/biz/20-spot-san-francisco,20 Spot,4.3,295,True,$$,,"New American, Wine Bars"
https://www.yelp.com/biz/banh-mi-house-san-francisco,Banh Mi House,4.3,287,True,$,,"Sandwiches, Coffee & Tea, Vietnamese"
https://www.yelp.com/biz/sake-bomb-san-francisco,Sake Bomb,4.3,258,True,$$,,"Japanese, Sushi Bars"
https://www.yelp.com/biz/minari-san-bruno,Minari,4.3,258,True,$$,,Korean
https://www.yelp.com/biz/daeho-kalbijjim-and-beef-soup-san-francisco-10,Daeho Kalbijjim & Beef Soup,4.3,239,True,$$,,Korean
https://www.yelp.com/biz/speedys-pizza-and-grill-south-san-francisco,Speedy's Pizza And Grill,4.3,239,True,$$,,"Pizza, Italian, Burgers"
https://www.yelp.com/biz/a-one-kitchen-and-bar-san-bruno,A One Kitchen & Bar,4.3,222,True,$$,,"Bars, Seafood, Asian Fusion"
https://www.yelp.com/biz/curry-corner-indian-restaurant-and-pizza-south-san-francisco-2,Curry Corner Indian Restaurant & Pizza,4.3,217,True,$$,,"Indian, Pizza"
https://www.yelp.com/biz/zorek-san-bruno,Zorek,4.3,212,True,$,,"Cafes, Bakeries, Juice Bars & Smoothies"
https://www.yelp.com/biz/holey-moley-san-francisco-3,Holey Moley,4.3,207,True,$$,,"Mini Golf, Burgers, Cocktail Bars"
https://www.yelp.com/biz/cafe-seventy8-san-francisco,Cafe Seventy8,4.3,206,True,$$,,"Coffee & Tea, Sandwiches, Breakfast & Brunch"
https://www.yelp.com/biz/cafe-guatemalteco-san-francisco-6,Cafe Guatemalteco,4.3,205,True,$,,Cafes
https://www.yelp.com/biz/jim-georgies-donuts-san-francisco,Jim Georgie's Donuts,4.3,198,True,$,,"Donuts, American"
https://www.yelp.com/biz/avedanos-holly-park-market-san-francisco-2,Avedano's Holly Park Market,4.3,196,True,$$$,,"Meat Shops, Butcher, Sandwiches"
https://www.yelp.com/biz/vive-la-tarte-san-francisco-5,Vive La Tarte,4.3,192,True,$$,,"Bakeries, Breakfast & Brunch, Cafes"
https://www.yelp.com/biz/monterey-pizza-and-asian-zap-san-francisco-2,Monterey Pizza & Asian Zap,4.3,190,True,$$,,"Pizza, Salad, Sandwiches"
https://www.yelp.com/biz/pho-luen-fat-san-francisco-2,Pho Luen Fat,4.3,183,True,$$,,"Chinese, Vietnamese"
https://www.yelp.com/biz/ts-cafe-san-francisco-5,TS Cafe,4.3,173,True,$,,"Sandwiches, Bubble Tea, Cafes"
https://www.yelp.com/biz/mesopotamia-kitchen-san-francisco,Mesopotamia Kitchen,4.3,169,True,,,"Mediterranean, Kebab, Halal"
https://www.yelp.com/biz/oki-sushi-san-francisco,Oki Sushi,4.3,163,True,$$,,"Sushi Bars, Japanese"
https://www.yelp.com/biz/tur-san-francisco,Tur,4.3,158,True,$$,,"Breakfast & Brunch, Asian Fusion, Coffee & Tea"
https://www.yelp.com/biz/rasa-rasa-kitchen-san-francisco,Rasa Rasa Kitchen,4.3,153,True,,,"Asian Fusion, Indonesian"
https://www.yelp.com/biz/craftsman-and-wolves-the-den-san-francisco-2,Craftsman and Wolves - The Den,4.3,138,True,$$,,"Coffee & Tea, Bakeries, Sandwiches"
https://www.yelp.com/biz/roosters-peruvian-rotisserie-san-francisco,Roosters Peruvian Rotisserie,4.3,136,True,$$,,Chicken Shop
https://www.yelp.com/biz/little-aloha-san-francisco,Little Aloha,4.3,135,True,$$,,"Hawaiian, Shaved Ice"
https://www.yelp.com/biz/hip-hop-bbq-shack-san-bruno,Hip Hop Bbq Shack,4.3,135,True,$$,,"Barbeque, Desserts, Soul Food"
https://www.yelp.com/biz/taqueria-mi-durango-ii-south-san-francisco,Taqueria Mi Durango II,4.3,124,True,,,"Mexican, Breakfast & Brunch"
https://www.yelp.com/biz/guerrero-market-and-deli-san-francisco,Guerrero Market & Deli,4.3,122,True,$,,"Grocery, Delis, Sandwiches"
https://www.yelp.com/biz/nar-doner-and-grill-san-francisco,Nar Doner & Grill,4.3,117,True,$$,,"Turkish, Fast Food, Mediterranean"
https://www.yelp.com/biz/taqueria-gonzalez-san-francisco-4,Taqueria Gonzalez,4.3,117,True,$$,,"Mexican, Seafood, Breakfast & Brunch"
https://www.yelp.com/biz/el-paisa-restaurante-jenny-and-jesse-san-francisco,El Paisa Restaurante-Jenny & Jesse,4.3,114,True,$$,,"Latin American, Honduran"
https://www.yelp.com/biz/kawanoya-san-francisco-2,Kawanoya,4.3,99,True,,,Japanese
https://www.yelp.com/biz/hem-by-lequy-san-francisco,Hem By Lequy,4.3,97,True,,,"Seafood, Vietnamese, Noodles"
https://www.yelp.com/biz/unwined-sf-san-francisco,Unwine'd SF,4.3,88,True,$$,,"Wine Bars, Italian, Greek"
https://www.yelp.com/biz/komaaj-mazze-wine-bar-san-francisco,Komaaj,4.3,84,True,,,"Persian/Iranian, Wine Bars, Salad"
https://www.yelp.com/biz/shufat-market-san-francisco,Shufat Market,4.3,78,True,$,,"Delis, Sandwiches"
https://www.yelp.com/biz/anns-doughnut-sandwich-shop-san-francisco,Ann's Doughnut Sandwich Shop,4.3,73,True,$,,Sandwiches
https://www.yelp.com/biz/munch-india-bay-area,Munch India,4.3,71,True,$$,,"Food Trucks, Indian"
https://www.yelp.com/biz/montecristo-restaurant-2-san-francisco-5,Montecristo Restaurant 2,4.3,69,True,$$,,Salvadoran
https://www.yelp.com/biz/el-rinc%C3%B3n-de-jorgito-san-francisco,El Rincón De Jorgito,4.3,62,True,,,"Peruvian, Seafood"
https://www.yelp.com/biz/potato-meets-wing-san-francisco,Potato Meets Wing,4.3,56,True,$$,,"Chicken Wings, Food Court"
https://www.yelp.com/biz/peking-wok-restaurant-san-francisco,Peking Wok Restaurant,4.3,55,True,$,,Chinese
https://www.yelp.com/biz/the-vista-room-san-francisco,The Vista Room,4.3,55,True,$$,,"New American, Venues & Event Spaces"
https://www.yelp.com/biz/mountain-mikes-pizza-south-san-francisco-3,Mountain Mike's Pizza,4.3,51,True,,,"Chicken Wings, Pizza"
https://www.yelp.com/biz/los-trinos-san-francisco,Los Trinos,4.3,47,True,$,,Salvadoran
https://www.yelp.com/biz/red-rooster-tacos-san-francisco,Red Rooster Tacos,4.3,43,True,$,,"Mexican, Food Trucks"
https://www.yelp.com/biz/cool-guys-market-san-francisco,Cool Guys Market,4.3,37,True,$,,"Grocery, Ice Cream & Frozen Yogurt, Delis"
https://www.yelp.com/biz/onigilly-japanese-kitchen-daly-city,Onigilly Japanese Kitchen,4.3,28,True,,,Japanese
https://www.yelp.com/biz/universal-breakfast-and-lunch-san-francisco,Universal Breakfast & Lunch,4.3,24,True,$$,,"Breakfast & Brunch, Coffee & Tea"
https://www.yelp.com/biz/marthitas-restaurant-san-francisco,Marthita's Restaurant,4.3,21,True,$,,Mexican
https://www.yelp.com/biz/barrera-s-taqueria-south-san-francisco,Barrera’s Taqueria,4.3,15,True,,,"Mexican, Food Trucks"
https://www.yelp.com/biz/la-cruza-zuleada-south-san-francisco-2,La Cruza Zuleada,4.3,15,True,,,Tacos
https://www.yelp.com/biz/burger-stack-san-francisco,Burger Stack,4.3,14,True,,,"Burgers, Salad, Chicken Wings"
https://www.yelp.com/biz/antojitos-salvadorenos-aminta-san-francisco-2,Antojitos Salvadorenos Aminta,4.3,11,True,,,Salvadoran
https://www.yelp.com/biz/hermelinda-restaurante-guatemalteco-san-francisco,Hermelinda Restaurante Guatemalteco,4.3,10,True,,,Soup
https://www.yelp.com/biz/taco-nmadre-san-francisco,Taco N'Madre,4.3,10,True,,,"Food Trucks, Tacos"
https://www.yelp.com/biz/zhengxin-chicken-steak-san-francisco,Zhengxin Chicken Steak,4.3,7,True,,,Chicken Shop
https://www.yelp.com/biz/chave-tacos-san-francisco,Chave Tacos,4.3,7,True,,,"Tacos, Food Trucks"
https://www.yelp.com/biz/monte-alban-mexican-food-south-san-francisco,Monte Alban Mexican Food,4.3,7,True,$$,,"Mexican, Food Trucks, Caterers"
https://www.yelp.com/biz/wyss-taco-truck-san-francisco,Wyss Taco Truck,4.3,6,True,,,"Tacos, Food Trucks"
https://www.yelp.com/biz/martita-s-tacos-south-san-francisco,Martita’s Tacos,4.3,6,True,,,"Mexican, Food Trucks"
https://www.yelp.com/biz/sfgh-cafeteria-san-francisco,SFGH Cafeteria,4.3,4,True,,,Cafeteria
https://www.yelp.com/biz/the-station-pizza-parlor-san-francisco,The Station Pizza Parlor,4.3,3,True,,,"Pizza, Juice Bars & Smoothies"
https://www.yelp.com/biz/bernal-bakery-san-francisco-2,Bernal Bakery,4.3,3,True,,,"Bakeries, Food Stands"
https://www.yelp.com/biz/denniss-hot-dog-cart-san-francisco,Dennis's Hot Dog Cart,4.3,3,True,$,,Food Stands
https://www.yelp.com/biz/2546-cafe-san-francisco-2,2546 Cafe,4.3,3,True,,,Cafes
https://www.yelp.com/biz/el-farolito-san-francisco-2,El Farolito,4.2,5776,True,$$,,"Mexican, Seafood, Steakhouses"
https://www.yelp.com/biz/farmhouse-kitchen-thai-cuisine-san-francisco,Farmhouse Kitchen Thai Cuisine,4.2,4437,True,$$$,,"Thai, Coffee & Tea, Cocktail Bars"
https://www.yelp.com/biz/lolinda-san-francisco,Lolinda,4.2,2640,True,$$$,,"Steakhouses, Tapas/Small Plates, Latin American"
https://www.yelp.com/biz/lol%C3%B3-san-francisco-4,Loló,4.2,2600,True,$$,,"Mexican, Tapas/Small Plates"
https://www.yelp.com/biz/7-mile-house-brisbane,7 Mile House,4.2,2237,True,$$,7.0,"Sports Bars, American, Filipino"
https://www.yelp.com/biz/hula-hoops-south-san-francisco-2,Hula Hoops,4.2,2015,True,$$,,"Hawaiian, Tiki Bars, Filipino"
https://www.yelp.com/biz/blue-plate-san-francisco,Blue Plate,4.2,1685,True,$$$,,"American, Comfort Food, Wine Bars"
https://www.yelp.com/biz/firefly-restaurant-san-francisco-4,Firefly Restaurant,4.2,1624,True,$$$,,"New American, Desserts, Soup"
https://www.yelp.com/biz/fil-am-cuisine-daly-city,Fil-Am Cuisine,4.2,1540,True,$$,,"Filipino, Barbeque"
https://www.yelp.com/biz/pogu-daly-city-2,POGU,4.2,1352,True,$$$,,Korean
https://www.yelp.com/biz/old-jerusalem-restaurant-san-francisco,Old Jerusalem Restaurant,4.2,1349,True,$$,,"Mediterranean, Halal, Kebab"
https://www.yelp.com/biz/trattoria-da-vittorio-san-francisco-san-francisco-5,Trattoria da Vittorio - San Francisco,4.2,1126,True,$$,,"Italian, Pizza"
https://www.yelp.com/biz/sanjalisco-mexican-restaurant-san-francisco,SanJalisco Mexican Restaurant,4.2,1119,True,$$,,"Mexican, Seafood, Breakfast & Brunch"
https://www.yelp.com/biz/emmys-spaghetti-shack-san-francisco-2,Emmy's Spaghetti Shack,4.2,1006,True,$$,,"Italian, Cocktail Bars"
https://www.yelp.com/biz/la-tapatia-mexicatessen-south-san-francisco,La Tapatia Mexicatessen,4.2,910,True,$$,,Mexican
https://www.yelp.com/biz/pho-de-nguyen-san-bruno-2,Pho de Nguyen,4.2,847,True,$$,,"Vietnamese, Soup, Noodles"
https://www.yelp.com/biz/ambrosia-bakery-san-francisco,Ambrosia Bakery,4.2,844,True,$$,,"Bakeries, Sandwiches, Patisserie/Cake Shop"
https://www.yelp.com/biz/la-palma-mexicatessen-san-francisco,La Palma Mexicatessen,4.2,804,True,$$,,Mexican
https://www.yelp.com/biz/amami-sushi-bistro-san-bruno-4,Amami Sushi Bistro,4.2,764,True,,,"Sushi Bars, Japanese, Seafood"
https://www.yelp.com/biz/la-traviata-san-francisco,La Traviata,4.2,704,True,$$,,Italian
https://www.yelp.com/biz/grand-hotpot-pacifica,Grand HotPot,4.2,690,True,$$$,,"Hot Pot, Buffets, Karaoke"
https://www.yelp.com/biz/tadaima-mission-san-francisco,Tadaima - Mission,4.2,654,True,$$,,"Japanese, Cafes, Coffee & Tea"
https://www.yelp.com/biz/antigua-coffee-shop-south-san-francisco-2,Antigua Coffee Shop,4.2,628,True,$$,,"Coffee & Tea, Sandwiches, Breakfast & Brunch"
https://www.yelp.com/biz/enjoy-vegetarian-restaurant-san-francisco-3,Enjoy Vegetarian Restaurant,4.2,626,True,$$,,Chinese
https://www.yelp.com/biz/big-joes-san-francisco,Big Joe's,4.2,603,True,$$,,"Breakfast & Brunch, American, Mexican"
https://www.yelp.com/biz/bon-nene-san-francisco,"Bon, Nene",4.2,586,True,$$,,"Japanese, Asian Fusion"
https://www.yelp.com/biz/pakwan-restaurant-san-francisco-10,Pakwan Restaurant,4.2,565,True,$$,,"Halal, Indian, Pakistani"
https://www.yelp.com/biz/henrys-hunan-restaurant-san-francisco-9,Henry's Hunan Restaurant,4.2,558,True,$$,,Chinese
https://www.yelp.com/biz/heirloom-cafe-san-francisco,Heirloom Cafe,4.2,546,True,$$$,,"New American, French, Wine Bars"
https://www.yelp.com/biz/hawaiian-drive-inn-san-francisco-3,Hawaiian Drive Inn,4.2,526,True,$,,"Hawaiian, Barbeque"
https://www.yelp.com/biz/cafe-bunn-mi-south-san-francisco,Cafe Bunn Mi,4.2,515,True,$$,,"Vietnamese, Sandwiches, Asian Fusion"
https://www.yelp.com/biz/united-dumplings-san-francisco,United Dumplings,4.2,512,True,$$,,"Chinese, Asian Fusion, Noodles"
https://www.yelp.com/biz/house-of-silvanas-daly-city,House of Silvanas,4.2,511,True,$,,"Bakeries, Filipino, Desserts"
https://www.yelp.com/biz/true-laurel-san-francisco-3,True Laurel,4.2,505,True,$$,,"Cocktail Bars, Breakfast & Brunch, American"
https://www.yelp.com/biz/the-spice-jar-san-francisco,The Spice Jar,4.2,491,True,$$,,Asian Fusion
https://www.yelp.com/biz/west-coast-cafe-san-bruno,West Coast Cafe,4.2,472,True,$$,,Italian
https://www.yelp.com/biz/taqueria-pacifica-pacifica,Taqueria Pacifica,4.2,465,True,$$,,Mexican
https://www.yelp.com/biz/pizzahacker-san-francisco-5,PizzaHacker,4.2,428,True,$$,,"Pizza, Italian"
https://www.yelp.com/biz/chick-and-jajang-daly-city,Chick & Jajang,4.2,387,True,$$,,"Korean, Noodles, Chicken Shop"
https://www.yelp.com/biz/mission-picnic-san-francisco-3,Mission Picnic,4.2,383,True,$$,,"Sandwiches, Salad"
https://www.yelp.com/biz/brochette-dumpling-san-francisco-2,Brochette Dumpling,4.2,378,True,$$,,"Dim Sum, Noodles, Desserts"
https://www.yelp.com/biz/subs-inc-san-francisco-5,Subs Inc.,4.2,363,True,$$,,"Sandwiches, Ice Cream & Frozen Yogurt"
https://www.yelp.com/biz/andiamo-in-banca-south-san-francisco-3,Andiamo In Banca,4.2,362,True,$$$,,"Italian, Wine Bars, Mediterranean"
https://www.yelp.com/biz/amami-sushi-bistro-san-francisco-7,Amami Sushi Bistro,4.2,358,True,$$,,Sushi Bars
https://www.yelp.com/biz/cellarmaker-house-of-pizza-san-francisco-2,Cellarmaker House of Pizza,4.2,355,True,$$,,"Pizza, Breweries"
https://www.yelp.com/biz/cafe-pacifica-pacifica,Cafe Pacifica,4.2,334,True,$$,,"Coffee & Tea, New American"
https://www.yelp.com/biz/turo-cafe-and-grill-san-francisco,Turo Cafe and Grill,4.2,326,True,$$,,"Filipino, Fast Food, Caterers"
https://www.yelp.com/biz/thai-cottage-restaurant-san-francisco,Thai Cottage Restaurant,4.2,297,True,$$,,Thai
https://www.yelp.com/biz/manzoni-san-francisco-2,Manzoni,4.2,295,True,$$,,Italian
https://www.yelp.com/biz/snow-bliss-san-francisco,Snow Bliss,4.2,290,True,$$,,"Asian Fusion, Chinese, Shaved Ice"
https://www.yelp.com/biz/los-cuates-taqueria-south-san-francisco,Los Cuates Taqueria,4.2,286,True,$$,,Mexican
https://www.yelp.com/biz/sweet-passion-bakery-san-francisco,Sweet Passion Bakery,4.2,270,True,$,,"Bakeries, Coffee & Tea, Breakfast & Brunch"
https://www.yelp.com/biz/orchids-cafe-san-francisco-5,Orchids Cafe,4.2,258,True,$$,,"Chinese, Hong Kong Style Cafe"
https://www.yelp.com/biz/la-vaca-birria-san-francisco-4,La Vaca Birria,4.2,255,True,$$,,"Mexican, Halal, Breakfast & Brunch"
https://www.yelp.com/biz/jc-bruno-restaurant-san-bruno,JC Bruno Restaurant,4.2,253,True,,,"New American, Pizza, Seafood"
https://www.yelp.com/biz/sushi-kashiwa-pacifica,Sushi Kashiwa,4.2,244,True,$$,,"Sushi Bars, Japanese, Asian Fusion"
https://www.yelp.com/biz/aditi-indian-cuisine-san-francisco,Aditi Indian Cuisine,4.2,232,True,$$,,Indian
https://www.yelp.com/biz/java-supreme-san-francisco,Java Supreme,4.2,225,True,$,,"Breakfast & Brunch, Cafes"
https://www.yelp.com/biz/noodle-panda-san-francisco-2,Noodle Panda,4.2,223,True,,,Noodles
https://www.yelp.com/biz/tortas-boos-voni-san-francisco,Tortas Boos Voni,4.2,217,True,$,,"Mexican, Breakfast & Brunch"
https://www.yelp.com/biz/dumpling-kitchen-castro-san-francisco,Dumpling Kitchen - Castro,4.2,211,True,$$,,"Noodles, Shanghainese"
https://www.yelp.com/biz/dagwood-and-scoops-san-francisco-5,Dagwood & Scoops,4.2,205,True,$$,,"Sandwiches, Ice Cream & Frozen Yogurt, Delis"
https://www.yelp.com/biz/taqueria-los-cuernos-daly-city,Taqueria Los Cuernos,4.2,188,True,$$,,"Tacos, Seafood, Breakfast & Brunch"
https://www.yelp.com/biz/monza-pizzeria-san-francisco,Monza Pizzeria,4.2,177,True,,,"Pizza, American, Salad"
https://www.yelp.com/biz/mama-mus-bistro-san-francisco,Mama Mu's Bistro,4.2,171,True,$$,,"Thai, Breakfast & Brunch"
https://www.yelp.com/biz/sajj-mediterranean-san-bruno,SAJJ Mediterranean,4.2,170,True,$$,,"Mediterranean, Middle Eastern, Halal"
https://www.yelp.com/biz/kevin-s-noodle-house-south-san-francisco,Kevin’s Noodle House,4.2,166,True,$$,,"Vietnamese, Seafood, Noodles"
https://www.yelp.com/biz/la-paz-restaurant-pupuseria-san-francisco,La Paz Restaurant Pupuseria,4.2,164,True,$,,"Mexican, Salvadoran"
https://www.yelp.com/biz/fifty-vara-san-francisco,Fifty Vara,4.2,159,True,$$,,"Cocktail Bars, Brewpubs, American"
https://www.yelp.com/biz/taqueria-celaya-south-san-francisco,Taqueria Celaya,4.2,155,True,$,,Mexican
https://www.yelp.com/biz/do-eat-restaurant-san-francisco-3,Do Eat Restaurant,4.2,142,True,,,Chinese
https://www.yelp.com/biz/the-rabbit-hole-san-francisco-2,The Rabbit Hole,4.2,136,True,$$,,"Cocktail Bars, Asian Fusion, Burgers"
https://www.yelp.com/biz/los-cuates-taqueria-daly-city-daly-city,Los Cuates Taqueria - Daly City,4.2,124,True,$,,Mexican
https://www.yelp.com/biz/don-chuys-mexi-mercado-san-francisco,Don Chuys Mexi-Mercado,4.2,120,True,$$,,"Delis, Mexican, Sandwiches"
https://www.yelp.com/biz/luigis-sandwich-palace-south-san-francisco,Luigi's Sandwich Palace,4.2,119,True,$,,Delis
https://www.yelp.com/biz/ben-tre-san-francisco-8,Ben Tre,4.2,109,True,$$,,"Vietnamese, Cocktail Bars"
https://www.yelp.com/biz/lion-west-portal-san-francisco,Lion West Portal,4.2,106,True,,,"Japanese, Vegan, Seafood"
https://www.yelp.com/biz/lequy-restaurant-san-francisco-2,LeQuy Restaurant,4.2,106,True,,,"Vietnamese, Noodles, Sandwiches"
https://www.yelp.com/biz/seahorse-brewery-pacifica,Seahorse Brewery,4.2,105,True,,,"Restaurants, Bars"
https://www.yelp.com/biz/el-tomate-restaurant-san-francisco-2,El Tomate Restaurant,4.2,103,True,$$,,"Mexican, Breakfast & Brunch, Seafood"
https://www.yelp.com/biz/hardware-coffee-san-francisco-2,Hardware Coffee,4.2,89,True,,,"Cafes, Florists, Coffee & Tea"
https://www.yelp.com/biz/chef-hunan-san-francisco,Chef Hunan,4.2,79,True,$,,Cantonese
https://www.yelp.com/biz/sourdough-and-co-daly-city-5,Sourdough & Co.,4.2,74,True,,,"Salad, Soup, Sandwiches"
https://www.yelp.com/biz/golden-state-pizza-and-grill-san-francisco-4,Golden State Pizza & Grill,4.2,68,True,,,"Pizza, Cheesesteaks, Burgers"
https://www.yelp.com/biz/loards-san-francisco,Loards,4.2,60,True,$,,"Ice Cream & Frozen Yogurt, Sandwiches"
https://www.yelp.com/biz/sourdough-and-co-south-san-francisco,Sourdough & Co,4.2,47,True,,,"Sandwiches, Salad, Soup"
https://www.yelp.com/biz/layalena-south-san-francisco-2,Layalena,4.2,47,True,,,"Mediterranean, Cocktail Bars"
https://www.yelp.com/biz/healthyish-bakery-san-francisco,Healthyish Bakery,4.2,40,True,,,"Bakeries, Desserts, Vegan"
https://www.yelp.com/biz/the-city-taqueria-2-san-francisco,The City Taqueria 2,4.2,37,True,,,"Mexican, Desserts, Breakfast & Brunch"
https://www.yelp.com/biz/vana-maria-bbq-san-francisco,Vana Maria BBQ,4.2,33,True,,,"Barbeque, Pop-Up Restaurants, Caterers"
https://www.yelp.com/biz/culinary-cafeteria-san-francisco-3,Culinary Cafeteria,4.2,33,True,$,,"New American, American"
https://www.yelp.com/biz/the-sub-stop-daly-city,The Sub Stop,4.2,33,True,$$,,"Delis, Breakfast & Brunch, Sandwiches"
https://www.yelp.com/biz/gobba-gobba-hey-san-francisco,Gobba Gobba Hey,4.2,30,True,$,,"Desserts, Food Stands"
https://www.yelp.com/biz/the-pupuseria-daly-city-4,The Pupuseria,4.2,27,True,,,Salvadoran
https://www.yelp.com/biz/pupuseria-metapan-2-san-francisco-2,Pupuseria Metapan 2,4.2,23,True,,,Salvadoran
https://www.yelp.com/biz/dragoneats-san-francisco-11,DragonEats,4.2,22,True,,,"Vietnamese, Sandwiches"
https://www.yelp.com/biz/foam-tea-house-san-francisco-4,Foam Tea House,4.2,20,True,,,"Bubble Tea, Taiwanese, Coffee & Tea"
https://www.yelp.com/biz/ay-caray-taqueria-san-francisco,Ay caray taqueria,4.2,20,True,,,Mexican
https://www.yelp.com/biz/lucky-coffee-san-francisco,Lucky Coffee,4.2,18,True,,,Cafes
https://www.yelp.com/biz/braz-burger-san-bruno,Braz Burger,4.2,17,True,,,"Food Trucks, Tacos, Burgers"
https://www.yelp.com/biz/kimbara-san-francisco,Kimbara,4.2,14,True,,,"Peruvian, Dance Clubs, Sports Bars"
https://www.yelp.com/biz/frisco-flavor-san-francisco-2,Frisco Flavor,4.2,13,True,,,"Mexican, Salvadoran, Breakfast & Brunch"
https://www.yelp.com/biz/square-pie-guys-at-local-kitchens-san-bruno,Square Pie Guys at Local Kitchens,4.2,13,True,,,"Chicken Wings, Pizza"
https://www.yelp.com/biz/ezzo-rotisserie-san-francisco,Ezzo Rotisserie,4.2,12,True,,,"Bakeries, Chicken Shop"
https://www.yelp.com/biz/macho-tacos-san-francisco,Macho Tacos,4.2,10,True,,,"Tacos, Food Delivery Services, Caterers"
https://www.yelp.com/biz/miche-locas-colma,Miche Locas,4.2,10,True,,,"Mexican, Food Delivery Services"
https://www.yelp.com/biz/el-gran-taco-loco-san-francisco-3,El Gran Taco Loco,4.2,9,True,,,"Food Trucks, Tacos, Caterers"
https://www.yelp.com/biz/la-taqueria-san-francisco-2,La Taqueria,4.1,5200,True,$$,,Mexican
https://www.yelp.com/biz/thanh-long-san-francisco,Thanh Long,4.1,3564,True,$$$,,"Seafood, Vietnamese, Noodles"
https://www.yelp.com/biz/dumpling-kitchen-san-francisco,Dumpling Kitchen,4.1,2326,True,$$,,Chinese
https://www.yelp.com/biz/in-n-out-burger-daly-city,In-N-Out Burger,4.1,1428,True,$$,,"Fast Food, Burgers, American"
https://www.yelp.com/biz/beep-s-burgers-san-francisco,Beep’s Burgers,4.1,1402,True,$$,,Burgers
https://www.yelp.com/biz/pancake-boy-san-francisco,Pancake Boy,4.1,1345,True,$$,,"Breakfast & Brunch, Burgers"
https://www.yelp.com/biz/seapot-hot-pot-and-kbbq-daly-city,Seapot Hot Pot & KBBQ,4.1,1314,True,$$$,,"Hot Pot, Korean, Taiwanese"
https://www.yelp.com/biz/chibog-daly-city,Chibog,4.1,1252,True,$$,,"Filipino, Seafood, Soup"
https://www.yelp.com/biz/gialina-pizzeria-san-francisco,Gialina Pizzeria,4.1,1227,True,$$,,"Pizza, Italian, Salad"
https://www.yelp.com/biz/philz-coffee-south-san-francisco-5,Philz Coffee,4.1,1181,True,$,,"Coffee & Tea, Breakfast & Brunch"
https://www.yelp.com/biz/flavas-jamaican-grill-south-san-francisco,Flavas Jamaican Grill,4.1,1170,True,$$,,Caribbean
https://www.yelp.com/biz/chloes-cafe-san-francisco,Chloe's Cafe,4.1,1101,True,$$,,"Breakfast & Brunch, Cafes"
https://www.yelp.com/biz/aslams-rasoi-san-francisco,Aslam's Rasoi,4.1,1077,True,$$,,"Indian, Pakistani, Halal"
https://www.yelp.com/biz/trick-dog-san-francisco,Trick Dog,4.1,1061,True,$$,,"Cocktail Bars, American"
https://www.yelp.com/biz/fable-san-francisco,Fable,4.1,1003,True,$$,,"New American, Wine Bars, Breakfast & Brunch"
https://www.yelp.com/biz/k-grill-and-tofu-house-san-bruno,K. Grill & Tofu House,4.1,901,True,$$,,Korean
https://www.yelp.com/biz/boiling-beijing-san-bruno-5,Boiling BeiJing,4.1,880,True,$$,,"Chinese, Hot Pot"
https://www.yelp.com/biz/mi-lindo-per%C3%BA-san-francisco-6,Mi Lindo Perú,4.1,842,True,$$,,Peruvian
https://www.yelp.com/biz/mission-street-oyster-bar-and-seafood-restaurant-san-francisco,Mission Street Oyster Bar & Seafood Restaurant,4.1,816,True,$$,,"Seafood, Fish & Chips, Beer, Wine & Spirits"
https://www.yelp.com/biz/vega-san-francisco-2,Vega,4.1,789,True,$$,,"Italian, Pizza"
https://www.yelp.com/biz/fresh-elements-daly-city,Fresh Elements,4.1,666,True,$$$,,"Seafood, Hot Pot, Chinese"
https://www.yelp.com/biz/novy-restaurant-san-francisco-6,NOVY Restaurant,4.1,659,True,$$,,"Mediterranean, Greek, Breakfast & Brunch"
https://www.yelp.com/biz/hall-of-flame-burgers-san-francisco,Hall Of Flame Burgers,4.1,654,True,$$,,"Burgers, Sports Bars, American"
https://www.yelp.com/biz/taqueria-mi-durango-san-bruno,Taqueria Mi Durango,4.1,607,True,$$,,Mexican
https://www.yelp.com/biz/dinosaurs-sandwiches-pacifica,Dinosaurs Sandwiches,4.1,591,True,$$,,"Vietnamese, Sandwiches, Caterers"
https://www.yelp.com/biz/fumi-japanese-curry-and-ramen-san-francisco-3,Fumi Japanese Curry & Ramen,4.1,557,True,$$,,"Ramen, Japanese Curry"
https://www.yelp.com/biz/gintei-san-bruno,Gintei,4.1,550,True,$$$$,,"Japanese, Sushi Bars"
https://www.yelp.com/biz/balompie-cafe-no-3-san-francisco,Balompie Cafe No 3,4.1,512,True,$$,,"Seafood, Salvadoran"
https://www.yelp.com/biz/little-original-joes-san-francisco-3,Little Original Joe's,4.1,510,True,$$,,"Pizza, Italian, Beer, Wine & Spirits"
https://www.yelp.com/biz/etcetera-wine-bar-san-francisco-3,Etcetera Wine Bar,4.1,503,True,$$,,"Wine Bars, New American, Tapas/Small Plates"
https://www.yelp.com/biz/yonkers-cafe-san-francisco,Yonkers Cafe,4.1,475,True,$$,,"Coffee & Tea, Sandwiches, Bagels"
https://www.yelp.com/biz/chili-cha-cha-2-san-francisco,Chili Cha Cha 2,4.1,474,True,$$,,Thai
https://www.yelp.com/biz/la-santaneca-de-la-mission-san-francisco,La Santaneca De La Mission,4.1,465,True,$$,,"Mexican, Salvadoran, Desserts"
https://www.yelp.com/biz/benders-bar-and-grill-san-francisco,Bender's Bar and Grill,4.1,462,True,$,,"Dive Bars, American"
https://www.yelp.com/biz/progressive-grounds-san-francisco,Progressive Grounds,4.1,458,True,$$,,"Coffee & Tea, Sandwiches, Breakfast & Brunch"
https://www.yelp.com/biz/yoji-sushi-house-san-francisco-3,Yoji Sushi House,4.1,446,True,$$,,"Sushi Bars, Japanese"
https://www.yelp.com/biz/societea-teahouse-and-eatery-san-bruno,Societea Teahouse & Eatery,4.1,427,True,$,,"Bubble Tea, Asian Fusion, Sandwiches"
https://www.yelp.com/biz/asiento-san-francisco,Asiento,4.1,422,True,$$,,"Tapas/Small Plates, Cocktail Bars, Music Venues"
https://www.yelp.com/biz/stix-san-francisco-5,STIX,4.1,417,True,$,,"Hot Dogs, Bubble Tea, Korean"
https://www.yelp.com/biz/noe-valley-bakery-west-portal-san-francisco-6,Noe Valley Bakery - West Portal,4.1,409,True,$,,"Patisserie/Cake Shop, Bakeries, Cafes"
https://www.yelp.com/biz/miss-tomato-daly-city-2,Miss Tomato,4.1,387,True,$$,,"Sandwiches, Convenience Stores, Desserts"
https://www.yelp.com/biz/thats-it-market-san-francisco,That's It Market,4.1,380,True,$,,"Beer, Wine & Spirits, Sandwiches"
https://www.yelp.com/biz/taqueria-la-perla-pacifica-5,Taqueria La Perla,4.1,370,True,$$,,Mexican
https://www.yelp.com/biz/round-n-round-pot-brisbane,Round N Round Pot,4.1,367,True,$$,,"Hot Pot, Seafood"
https://www.yelp.com/biz/pho-ga-san-francisco,Pho Ga,4.1,322,True,$$,,"Vietnamese, Noodles"
https://www.yelp.com/biz/curio-san-francisco,Curio,4.1,322,True,$$,,"Bars, New American, Breakfast & Brunch"
https://www.yelp.com/biz/nick-the-greek-daly-city,Nick the Greek,4.1,316,True,$$,,"Greek, Salad, Falafel"
https://www.yelp.com/biz/genes-liquor-san-francisco,Gene's Liquor,4.1,308,True,$,,"Beer, Wine & Spirits, Sandwiches"
https://www.yelp.com/biz/hometown-heroes-south-san-francisco,Hometown Heroes,4.1,304,True,$$,,"Sports Bars, American, Cocktail Bars"
https://www.yelp.com/biz/viet-quan-vietnamese-noodle-house-san-francisco,Viet Quan Vietnamese Noodle House,4.1,301,True,$$,,"Vietnamese, Noodles"
https://www.yelp.com/biz/reem-s-san-francisco,Reem’s,4.1,288,True,$$,,"Bakeries, Arabic, Coffee & Tea"
https://www.yelp.com/biz/nick-the-greek-south-san-francisco-2,Nick The Greek,4.1,250,True,$$,,"Greek, Mediterranean"
https://www.yelp.com/biz/starbird-chicken-south-san-francisco,Starbird Chicken,4.1,227,True,$$,,"Chicken Shop, Sandwiches, Salad"
https://www.yelp.com/biz/taqueria-angelicas-san-bruno,Taqueria Angelica's,4.1,222,True,$,,"Mexican, Food Trucks"
https://www.yelp.com/biz/guilin-rice-noodles-house-san-francisco,Guilin Rice Noodles House,4.1,220,True,$$,,"Noodles, Chinese"
https://www.yelp.com/biz/mountain-mikes-pizza-daly-city-2,Mountain Mike's Pizza,4.1,201,True,$$,,"Pizza, Chicken Wings"
https://www.yelp.com/biz/uncle-tetsu-san-francisco-3,Uncle Tetsu,4.1,195,True,$$,,"Bakeries, Desserts, Japanese"
https://www.yelp.com/biz/yokohama-iekei-ramen-daly-city,Yokohama Iekei Ramen,4.1,191,True,$$,,Ramen
https://www.yelp.com/biz/los-planes-de-renderos-pupuseria-san-francisco,Los Planes De Renderos Pupuseria,4.1,180,True,$,,Salvadoran
https://www.yelp.com/biz/pho-day-san-francisco-2,Pho Day,4.1,179,True,$$,,"Vietnamese, Coffee & Tea, Noodles"
https://www.yelp.com/biz/pho-nation-san-francisco,Pho Nation,4.1,164,True,$$,,Vietnamese
https://www.yelp.com/biz/el-santaneco-south-san-francisco,El Santaneco,4.1,152,True,$$,,"Salvadoran, Seafood, Mexican"
https://www.yelp.com/biz/j-and-a-restaurant-san-francisco,J & A Restaurant,4.1,146,True,$,,Chinese
https://www.yelp.com/biz/pebbles-cafe-san-francisco,Pebbles Cafe,4.1,132,True,$,,"Sandwiches, Brazilian, Cafes"
https://www.yelp.com/biz/tacos-del-barrio-fusion-bar-and-grill-san-francisco-2,Tacos Del Barrio Fusion Bar and Grill,4.1,130,True,$$,,Tacos
https://www.yelp.com/biz/echigo-home-cook-san-francisco-3,Echigo Home Cook,4.1,127,True,$$,,"Japanese, Sushi Bars"
https://www.yelp.com/biz/pok%C3%A9-house-daly-city-daly-city-3,Poké House - Daly City,4.1,126,True,$$,,"Poke, Seafood, Hawaiian"
https://www.yelp.com/biz/glaze-donuts-san-francisco,Glaze Donuts,4.1,123,True,$,,"Donuts, Breakfast & Brunch, Bagels"
https://www.yelp.com/biz/el-aji-peruvian-restaurant-san-francisco,El Aji Peruvian Restaurant,4.1,122,True,$$,,"Peruvian, Seafood, Desserts"
https://www.yelp.com/biz/flour-and-water-pasta-shop-san-francisco,Flour & Water Pasta Shop,4.1,121,True,$$,,"Wine Bars, Pasta Shops, Sandwiches"
https://www.yelp.com/biz/respectable-bird-food-truck-san-francisco,Respectable Bird Food Truck,4.1,103,True,$$,,"Chicken Shop, American, Food Trucks"
https://www.yelp.com/biz/house-of-fusion-daly-city,House of Fusion,4.1,93,True,$$,,"Chinese, Asian Fusion, Japanese"
https://www.yelp.com/biz/side-a-san-francisco,Side A,4.1,92,True,,,"Wine Bars, American, Vinyl Records"
https://www.yelp.com/biz/fiorella-noe-san-francisco,Fiorella Noe,4.1,90,True,,,Italian
https://www.yelp.com/biz/happy-donuts-san-francisco-16,Happy Donuts,4.1,88,True,$,,"Donuts, Coffee & Tea, Sandwiches"
https://www.yelp.com/biz/mekeni-restaurant-daly-city,Mekeni Restaurant,4.1,86,True,$,,Filipino
https://www.yelp.com/biz/el-palenque-taqueria-south-san-francisco,El Palenque Taqueria,4.1,84,True,$,,Mexican
https://www.yelp.com/biz/sohomei-san-francisco,SoHoMei,4.1,80,True,,,Chinese
https://www.yelp.com/biz/mi-guadalajara-daly-city,Mi Guadalajara,4.1,72,True,$,,Mexican
https://www.yelp.com/biz/china-delights-san-francisco-2,China Delights,4.1,67,True,$$,,Chinese
https://www.yelp.com/biz/universal-bakery-daly-city,Universal Bakery,4.1,67,True,$,,"Bakeries, Empanadas, Breakfast & Brunch"
https://www.yelp.com/biz/tapas-and-taps-san-francisco,Tapas & Taps,4.1,65,True,$$,,"Cocktail Bars, Tapas Bars"
https://www.yelp.com/biz/the-polynesian-luau-daly-city,The Polynesian Luau,4.1,61,True,$$,,Polynesian
https://www.yelp.com/biz/precita-social-san-francisco,Precita Social,4.1,56,True,,,"French, Japanese, American"
https://www.yelp.com/biz/marigold-san-francisco-3,Marigold,4.1,54,True,$,,"Cafes, Floral Designers, Florists"
https://www.yelp.com/biz/sunshine-wheat-field-dim-sum-san-francisco,Sunshine Wheat Field Dim Sum,4.1,53,True,$,,"Dim Sum, Bakeries"
https://www.yelp.com/biz/dim-sum-king-san-francisco,Dim Sum King,4.1,45,True,,,Dim Sum
https://www.yelp.com/biz/powered-by-pork-san-francisco-2,Powered By Pork,4.1,39,True,$,,"Caterers, Food Trucks, Tacos"
https://www.yelp.com/biz/ac-waterfront-lounge-restaurant-south-san-francisco,AC Waterfront Lounge Restaurant,4.1,33,True,,,"New American, Breakfast & Brunch, Cocktail Bars"
https://www.yelp.com/biz/tokachi-musubi-san-francisco,Tokachi Musubi,4.1,32,True,$$,,"Japanese, Food Trucks"
https://www.yelp.com/biz/taqueria-los-altos-san-francisco,Taqueria Los Altos,4.1,26,True,,,"Tacos, Seafood"
https://www.yelp.com/biz/xiao-xiao-buns-daly-city,Xiao Xiao Buns,4.1,14,True,,,"Dim Sum, Food Stands"
https://www.yelp.com/biz/k-town-food-hall-san-francisco,K-Town Food Hall,4.1,12,True,,,"Food Court, Korean"
https://www.yelp.com/biz/foreign-cinema-san-francisco,Foreign Cinema,4.0,5872,True,$$$,,"Breakfast & Brunch, Mediterranean, Cocktail Bars"
https://www.yelp.com/biz/beretta-valencia-san-francisco-3,Beretta Valencia,4.0,4358,True,$$,,"Italian, Pizza, Breakfast & Brunch"
https://www.yelp.com/biz/marugame-udon-san-francisco-4,Marugame Udon,4.0,2873,True,$$,,"Japanese, Noodles, Asian Fusion"
https://www.yelp.com/biz/original-joes-westlake-daly-city-5,Original Joe's Westlake,4.0,2728,True,$$$,,"American, Italian, Cocktail Bars"
https://www.yelp.com/biz/taqueria-cancun-san-francisco-5,Taqueria Cancun,4.0,2288,True,$$,,Mexican
https://www.yelp.com/biz/udupi-palace-san-francisco,Udupi Palace,4.0,1611,True,$$,,"Indian, Vegetarian, Desserts"
https://www.yelp.com/biz/cha-ya-san-francisco-san-francisco-2,Cha-Ya San Francisco,4.0,1338,True,$$,,"Japanese, Vegetarian, Vegan"
https://www.yelp.com/biz/st-francis-fountain-san-francisco,St. Francis Fountain,4.0,1308,True,$$,,"Breakfast & Brunch, Sandwiches, Burgers"
https://www.yelp.com/biz/el-metate-restaurant-san-francisco,El Metate Restaurant,4.0,1298,True,$$,,Mexican
https://www.yelp.com/biz/breakfast-at-tiffanys-san-francisco,Breakfast at Tiffany's,4.0,1285,True,$$,,"Diners, Breakfast & Brunch, American"
https://www.yelp.com/biz/california-fish-grill-daly-city,California Fish Grill,4.0,1269,True,$$,,"Fish & Chips, Seafood, Tacos"
https://www.yelp.com/biz/taqueria-guadalajara-san-francisco,Taqueria Guadalajara,4.0,1254,True,$$,,Mexican
https://www.yelp.com/biz/el-farolito-san-francisco-4,El Farolito,4.0,1067,True,$,,"Mexican, Desserts, Seafood"
https://www.yelp.com/biz/kan-kiin-brunch-and-thai-eatery-daly-city,Kan Kiin Brunch & Thai Eatery,4.0,997,True,$$,,"Thai, Breakfast & Brunch"
https://www.yelp.com/biz/roti-indian-bistro-san-francisco,Roti Indian Bistro,4.0,980,True,$$,,Indian
https://www.yelp.com/biz/bullshead-restaurant-san-francisco-4,Bullshead Restaurant,4.0,975,True,$$,,"Steakhouses, Burgers, Sandwiches"
https://www.yelp.com/biz/camelot-fish-and-chips-pacifica,Camelot Fish & Chips,4.0,975,True,$$,,"Seafood, Fish & Chips, British"
https://www.yelp.com/biz/dinosaurs-vietnamese-sandwiches-san-francisco-3,Dinosaurs Vietnamese Sandwiches,4.0,940,True,$$,,"Sandwiches, Vietnamese"
https://www.yelp.com/biz/sushi-zen-san-francisco,Sushi Zen,4.0,832,True,$$,,"Sushi Bars, Japanese"
https://www.yelp.com/biz/el-farolito-san-francisco,El Farolito,4.0,832,True,$$,,Mexican
https://www.yelp.com/biz/el-farolito-south-san-francisco,El Farolito,4.0,829,True,$,,Mexican
https://www.yelp.com/biz/arabian-nights-restaurant-san-francisco,Arabian Nights Restaurant,4.0,825,True,$$,,"Mediterranean, Arabic, Halal"
https://www.yelp.com/biz/spruce-cafe-south-san-francisco,Spruce Cafe,4.0,688,True,$,,"Cafes, Patisserie/Cake Shop, Sandwiches"
https://www.yelp.com/biz/regent-thai-restaurant-san-francisco-2,Regent Thai Restaurant,4.0,658,True,$$,,"Thai, Salad, Seafood"
https://www.yelp.com/biz/el-toro-loco-pacifica-2,El Toro Loco,4.0,654,True,$$,,"Mexican, Peruvian"
https://www.yelp.com/biz/se%C3%B1or-sisig-san-francisco-9,Señor Sisig,4.0,643,True,$$,,"Mexican, Filipino, Asian Fusion"
https://www.yelp.com/biz/souvla-san-francisco-7,Souvla,4.0,631,True,$$,,"Greek, Mediterranean"
https://www.yelp.com/biz/tselogs-daly-city-14,Tselogs,4.0,631,True,$$,,Filipino
https://www.yelp.com/biz/calibur-san-francisco,Calibur,4.0,618,True,$$,,"Burgers, American"
https://www.yelp.com/biz/underdogs-too-san-francisco,Underdogs Too,4.0,594,True,$$,,"Mexican, Sports Bars, Breakfast & Brunch"
https://www.yelp.com/biz/java-beach-at-the-zoo-san-francisco-2,Java Beach At The Zoo,4.0,588,True,$,,"Coffee & Tea, Sandwiches, Bagels"
https://www.yelp.com/biz/3rd-cousin-san-francisco-2,3rd Cousin,4.0,570,True,$$$$,,"New American, French, Japanese"
https://www.yelp.com/biz/sky-dragon-south-san-francisco,Sky Dragon,4.0,544,True,$$,,Chinese
https://www.yelp.com/biz/penny-roma-san-francisco,Penny Roma,4.0,513,True,,,"Italian, Venues & Event Spaces"
https://www.yelp.com/biz/diamond-head-general-store-san-bruno-2,Diamond Head General Store,4.0,493,True,$$,,"Hawaiian, Specialty Food"
https://www.yelp.com/biz/tom-san-ramen-daly-city,Tom San Ramen,4.0,480,True,$$,,"Ramen, Sushi Bars, Salad"
https://www.yelp.com/biz/la-torta-gorda-san-francisco,La Torta Gorda,4.0,475,True,$$,,Mexican
https://www.yelp.com/biz/dumpling-era-san-bruno-3,Dumpling Era,4.0,465,True,$$,,"Chinese, Noodles, Soup"
https://www.yelp.com/biz/the-napper-tandy-san-francisco,The Napper Tandy,4.0,457,True,$$,,"Pubs, Irish, Breakfast & Brunch"
https://www.yelp.com/biz/win-garden-san-francisco-3,Win Garden,4.0,444,True,$$,,Chinese
https://www.yelp.com/biz/in-n-out-burger-daly-city-4,In-N-Out Burger,4.0,417,True,$$,,"Burgers, Fast Food"
https://www.yelp.com/biz/fiore-caffe-san-francisco-2,Fiore Caffe,4.0,411,True,$$,,"Italian, Wine Bars"
https://www.yelp.com/biz/poke-one-san-bruno-3,Poke One,4.0,394,True,$$,,"Seafood, Poke, Japanese Curry"
https://www.yelp.com/biz/oasis-vietnamese-cuisine-pacifica-2,Oasis Vietnamese Cuisine,4.0,388,True,$$,,"Vietnamese, Noodles, Sandwiches"
https://www.yelp.com/biz/hi-way-burger-and-fry-san-francisco,Hi-Way Burger & Fry,4.0,373,True,$$,,"Burgers, Fast Food"
https://www.yelp.com/biz/noodle-station-daly-city,Noodle Station,4.0,362,True,$$,,"Asian Fusion, Noodles"
https://www.yelp.com/biz/phillies-san-francisco,Phillies,4.0,346,True,$$,,"Cheesesteaks, Burgers"
https://www.yelp.com/biz/taqueria-las-pencas-south-san-francisco-4,Taqueria Las Pencas,4.0,335,True,$$,,Mexican
https://www.yelp.com/biz/moonlight-cafe-san-francisco,Moonlight Cafe,4.0,334,True,$$,,"Cafes, Breakfast & Brunch, Sandwiches"
https://www.yelp.com/biz/eagle-pizzeria-san-francisco,Eagle Pizzeria,4.0,331,True,$$,,"Pizza, Gluten-Free"
https://www.yelp.com/biz/roxies-market-and-deli-san-francisco,Roxie's Market & Deli,4.0,323,True,$,,"Grocery, Beer, Wine & Spirits, Delis"
https://www.yelp.com/biz/hawi-hawaiian-bbq-south-san-francisco-2,Hawi Hawaiian BBQ,4.0,301,True,$,,"Hawaiian, Barbeque"
https://www.yelp.com/biz/punjab-restaurant-san-francisco,Punjab Restaurant,4.0,295,True,$,,"Chinese, Vietnamese, American"
https://www.yelp.com/biz/cajun-bowl-san-bruno-san-bruno,Cajun Bowl - San Bruno,4.0,295,True,$$$,,"Seafood, Cajun/Creole, Juice Bars & Smoothies"
https://www.yelp.com/biz/taqueria-san-francisco-san-francisco,Taqueria San Francisco,4.0,282,True,$,,Mexican
https://www.yelp.com/biz/super-duper-burgers-daly-city-3,Super Duper Burgers,4.0,279,True,$$,,"Burgers, American"
https://www.yelp.com/biz/la-nueva-perla-south-san-francisco,La Nueva Perla,4.0,279,True,$$,,Mexican
https://www.yelp.com/biz/happy-family-gourmet-san-francisco,Happy Family Gourmet,4.0,278,True,$$,,Chinese
https://www.yelp.com/biz/big-joes-san-bruno-san-bruno,Big Joe's - San Bruno,4.0,275,True,$$,,"Diners, Burgers, Seafood"
https://www.yelp.com/biz/bb-q-chicken-san-bruno-san-bruno-2,bb.q Chicken San Bruno,4.0,245,True,$$,,"Chicken Shop, Korean, Chicken Wings"
https://www.yelp.com/biz/evil-eye-san-francisco,Evil Eye,4.0,237,True,$$,,"Cocktail Bars, Lounges, Tapas/Small Plates"
https://www.yelp.com/biz/ocean-thai-san-francisco,Ocean Thai,4.0,231,True,$$,,Thai
https://www.yelp.com/biz/noodle-stop-san-francisco,Noodle Stop,4.0,228,True,$$,,"Noodles, Chinese, Vegetarian"
https://www.yelp.com/biz/the-original-kadoks-daly-city-2,The Original Kadok's,4.0,221,True,$$,,Filipino
https://www.yelp.com/biz/missions-kitchen-san-francisco,Mission's Kitchen,4.0,209,True,$,,Diners
https://www.yelp.com/biz/local-kitchens-san-bruno,Local Kitchens,4.0,175,True,$$,,"Burgers, Mexican, Sandwiches"
https://www.yelp.com/biz/round-table-pizza-san-bruno-5,Round Table Pizza,4.0,156,True,,,Pizza
https://www.yelp.com/biz/noe-bagel-san-francisco,Noe Bagel,4.0,142,True,$,,"Bagels, Breakfast & Brunch"
https://www.yelp.com/biz/pho-recipe-san-francisco,Pho Recipe,4.0,124,True,$$,,"Vietnamese, Noodles"
https://www.yelp.com/biz/babys-eatery-and-palabok-san-francisco-2,Baby's Eatery and Palabok,4.0,115,True,$,,Filipino
https://www.yelp.com/biz/maillards-smash-burgers-noriega-san-francisco,Maillards Smash Burgers - Noriega,4.0,108,True,,,Burgers
https://www.yelp.com/biz/proposition-chicken-san-francisco-5,Proposition Chicken,4.0,107,True,$$,,"Chicken Shop, Sandwiches, Salad"
https://www.yelp.com/biz/ming-hing-restaurant-san-francisco-2,Ming Hing Restaurant,4.0,106,True,$$,,Chinese
https://www.yelp.com/biz/guapas-mexican-grill-south-san-francisco,Guapas Mexican Grill,4.0,102,True,,,Mexican
https://www.yelp.com/biz/los-reyes-restaurant-san-francisco,Los Reyes Restaurant,4.0,98,True,$$,,"Salvadoran, Mexican"
https://www.yelp.com/biz/bolare-trattoria-and-pizzeria-pacifica,Bolare Trattoria & Pizzeria,4.0,81,True,,,"Pizza, Italian, Bars"
https://www.yelp.com/biz/g-and-l-bakery-and-restaurant-san-francisco,G & L Bakery & Restaurant,4.0,72,True,$,,"Bakeries, Chinese"
https://www.yelp.com/biz/rincon-latino-san-francisco,Rincon Latino,4.0,61,True,$$,,"Salvadoran, Mexican, Bars"
https://www.yelp.com/biz/restaurante-familiar-san-francisco,Restaurante Familiar,4.0,60,True,$,,"Mexican, Salvadoran"
https://www.yelp.com/biz/mong-q-mongolian-bbq-kitchen-daly-city,Mong Q Mongolian BBQ Kitchen,4.0,50,True,,,"Mongolian, Barbeque, Noodles"
https://www.yelp.com/biz/one-bite-shawarma-san-francisco,One Bite Shawarma,4.0,48,True,,,Mediterranean
https://www.yelp.com/biz/nashville-hot-chicken-south-san-francisco-2,Nashville Hot Chicken,4.0,45,True,$$,,Chicken Shop
https://www.yelp.com/biz/silver-cafe-san-francisco,Silver Cafe,4.0,43,True,$,,"Burgers, Donuts, Coffee & Tea"
https://www.yelp.com/biz/el-jacal-mexican-grill-san-francisco,El Jacal Mexican Grill,4.0,34,True,$$,,Mexican
https://www.yelp.com/biz/bhc-chicken-san-francisco,BHC Chicken,4.0,34,True,,,Chicken Wings
https://www.yelp.com/biz/las-pencas-de-maguey-daly-city,Las Pencas de Maguey,4.0,34,True,$$,,"Mexican, Seafood, Salad"
https://www.yelp.com/biz/donut-king-south-san-francisco,Donut King,4.0,34,True,$,,"Donuts, Coffee & Tea, Breakfast & Brunch"
https://www.yelp.com/biz/little-roses-kitchen-daly-city,Little Rose's Kitchen,4.0,32,True,$$,,"Food Trucks, Tacos"
https://www.yelp.com/biz/giant-scoop-cafe-san-francisco,Giant Scoop Cafe,4.0,32,True,$,,"Chinese, Ice Cream & Frozen Yogurt, Cafes"
https://www.yelp.com/biz/marinas-cafe-san-francisco-2,Marina's Cafe,4.0,25,True,$,,"Cafes, Coffee & Tea"
https://www.yelp.com/biz/cholo-soy-san-francisco-3,Cholo Soy,4.0,15,True,,,Peruvian
https://www.yelp.com/biz/timber-and-tide-south-san-francisco-3,Timber & Tide,4.0,11,True,,,"Breakfast & Brunch, New American, Coffee & Tea"
https://www.yelp.com/biz/cinderella-bakery-and-cafe-san-francisco-4,Cinderella Bakery & Cafe,4.0,9,True,,,"Russian, Bakeries, Cafes"
https://www.yelp.com/biz/5-star-food-and-liquor-south-san-francisco,5 Star Food & Liquor,4.0,8,True,,,"American, Beer, Wine & Spirits, Convenience Stores"
https://www.yelp.com/biz/mission-boricua-san-francisco,Mission Boricua,4.0,5,True,,,Puerto Rican
https://www.yelp.com/biz/um-ma-san-francisco-7,UM MA,4.0,5,True,,,Korean
https://www.yelp.com/biz/pie-on-the-fly-san-francisco,Pie On The Fly,4.0,4,True,,,Pizza
https://www.yelp.com/biz/tacos-el-shaddai-san-francisco,Tacos El Shaddai,4.0,4,True,,,"Food Trucks, Tacos"
https://www.yelp.com/biz/fuxion-grill-san-francisco,Fuxion Grill,4.0,4,True,,,"Mexican, Burgers"
https://www.yelp.com/biz/byblos-mediterranean-grill-san-francisco,Byblos Mediterranean Grill,4.0,4,True,,,Mediterranean
https://www.yelp.com/biz/pizza-en-pyr-pacifica,Pizza En Pyr,4.0,4,True,,,"Pop-Up Restaurants, Pizza"
https://www.yelp.com/biz/beto-s-burgers-san-bruno,Beto’s Burgers,4.0,4,True,,,Burgers
https://www.yelp.com/biz/tacos-elmonchis-san-bruno,Tacos ElMonchis,4.0,4,True,,,"Food Trucks, Tacos"
https://www.yelp.com/biz/rays-market-and-liquor-san-francisco,Rays market and Liquor,4.0,3,True,,,"Delis, Grocery, Beer, Wine & Spirits"
https://www.yelp.com/biz/corazon-maya-san-francisco-2,Corazon Maya,4.0,3,True,,,"Caterers, Food Trucks, Tacos"
https://www.yelp.com/biz/the-foggy-wiener-pacifica,The Foggy Wiener,4.0,3,True,,,"Hot Dogs, Food Stands"
https://www.yelp.com/biz/club-puertorriqueno-de-san-francisco-san-francisco,Club Puertorriqueno De San Francisco,4.0,2,True,,,"Community Service/Non-Profit, Puerto Rican, Social Clubs"
https://www.yelp.com/biz/calidad-market-san-francisco,Calidad Market,4.0,2,True,$,,Restaurants
https://www.yelp.com/biz/proper-food-south-san-francisco,Proper Food,4.0,2,True,,,"Salad, Breakfast & Brunch, Sandwiches"
https://www.yelp.com/biz/racetrack-caf%C3%A9-san-bruno,Racetrack Café,4.0,2,True,,,Cafes
https://www.yelp.com/biz/zumix-san-bruno-2,Zumix,4.0,2,True,,,"Food Trucks, Tacos"
https://www.yelp.com/biz/mi-lindo-michoacan-san-bruno,Mi lindo michoacan,4.0,2,True,,,"Mexican, Food Trucks"
https://www.yelp.com/biz/the-station-cafe-san-francisco-2,The Station Cafe,4.0,1,True,,,Cafes
https://www.yelp.com/biz/el-ferrito-san-francisco,El Ferrito,4.0,1,True,$,,Mexican
https://www.yelp.com/biz/papis-fusion-deli-san-francisco,Papi's Fusion Deli,4.0,1,True,,,"Delis, Mexican"
https://www.yelp.com/biz/good-evening-thursday-san-francisco,Good Evening Thursday,4.0,1,True,$$$,,Steakhouses
https://www.yelp.com/biz/dos-santos-food-cart-mission-district,Dos Santos Food Cart,4.0,1,True,,,"Mexican, Food Stands"
https://www.yelp.com/biz/carb-your-enthusiasm-san-francisco,Carb Your Enthusiasm,4.0,1,True,,,Pop-Up Restaurants
https://www.yelp.com/biz/lucias-mexican-snack-cart-san-francisco,Lucia's Mexican Snack Cart,4.0,1,True,,,"Mexican, Food Stands"
https://www.yelp.com/biz/elis-hot-dogs-san-francisco,Eli's Hot Dogs,4.0,1,True,,,"Food Stands, Hot Dogs"
https://www.yelp.com/biz/onigilly-lower-mission-san-francisco,Onigilly - Lower Mission,4.0,1,True,,,"Japanese, Fast Food"
https://www.yelp.com/biz/el-portrillo-taqueria-san-francisco,El Portrillo Taqueria,4.0,1,True,,,Mexican
https://www.yelp.com/biz/egg-the-f-out-san-francisco,Egg the F* Out,4.0,1,True,,,"Food Delivery Services, Breakfast & Brunch, Sandwiches"
https://www.yelp.com/biz/the-depot-at-sfsu-san-francisco,The Depot at SFSU,4.0,1,True,,,"Restaurants, Music Venues, Marketing"
https://www.yelp.com/biz/sake-cuisine-south-san-francisco,Sake Cuisine,4.0,1,True,,,Japanese
https://www.yelp.com/biz/the-source-south-san-francisco,The Source,4.0,1,True,,,Restaurants
https://www.yelp.com/biz/merck-cafe-south-san-francisco,Merck Cafe,4.0,1,True,,,Cafes
https://www.yelp.com/biz/taquizas-los-compadres-south-san-francisco,Taquizas Los Compadres,4.0,1,True,,,"Tacos, Caterers, Food Delivery Services"
https://www.yelp.com/biz/los-poblanitos-san-bruno,Los Poblanitos,4.0,1,True,,,"Food Tours, Tacos"
https://www.yelp.com/biz/pronto-san-francisco-3,Pronto,4.0,1,True,,,Fast Food
https://www.yelp.com/biz/deli-cafe-san-francisco,Deli Cafe,4.0,1,True,,,Delis
https://www.yelp.com/biz/the-front-porch-san-francisco,The Front Porch,3.9,3393,True,$$,,"Southern, Cajun/Creole, American"
https://www.yelp.com/biz/ben-tre-vietnamese-homestyle-cuisine-south-san-francisco,Ben Tre Vietnamese Homestyle Cuisine,3.9,2351,True,$$,,"Vietnamese, Noodles, Soup"
https://www.yelp.com/biz/jacks-restaurant-and-bar-san-bruno,Jack's Restaurant & Bar,3.9,1875,True,$$,,"American, Breakfast & Brunch, Bars"
https://www.yelp.com/biz/chevys-fresh-mex-south-san-francisco-3,Chevys Fresh Mex,3.9,1834,True,$$,,"Mexican, Bars, Breakfast & Brunch"
https://www.yelp.com/biz/java-beach-cafe-san-francisco-5,Java Beach Cafe,3.9,1290,True,$$,,"Coffee & Tea, Sandwiches"
https://www.yelp.com/biz/momiji-colma,Momiji,3.9,1161,True,$$,,"Ramen, Asian Fusion"
https://www.yelp.com/biz/champa-garden-san-francisco-2,Champa Garden,3.9,1131,True,$$,,"Laotian, Asian Fusion, Thai"
https://www.yelp.com/biz/taqueria-vallarta-san-francisco,Taqueria Vallarta,3.9,1038,True,$$,,"Tacos, Wine Bars, Beer Bar"
https://www.yelp.com/biz/elenas-mexican-restaurant-san-francisco,Elena's Mexican Restaurant,3.9,1035,True,,,"American, Mexican"
https://www.yelp.com/biz/spiazzo-ristorante-san-francisco,Spiazzo Ristorante,3.9,934,True,$$,,"Italian, Seafood, Gluten-Free"
https://www.yelp.com/biz/colombos-delicatessen-pacifica-3,Colombo's Delicatessen,3.9,782,True,$$,,"Delis, Sandwiches, Italian"
https://www.yelp.com/biz/the-green-enchilada-pacifica,The Green Enchilada,3.9,760,True,$$,,"Mexican, Vegan, Peruvian"
https://www.yelp.com/biz/cafe-bakery-and-restaurant-san-francisco-2,Cafe Bakery & Restaurant,3.9,707,True,$$,,"Bakeries, Hong Kong Style Cafe"
https://www.yelp.com/biz/fujiyama-ya-japanese-restaurant-san-francisco,Fujiyama-Ya Japanese Restaurant,3.9,698,True,$$,,"Japanese, Sushi Bars"
https://www.yelp.com/biz/the-crew-san-francisco-4,The Crew,3.9,692,True,$$,,"Korean, Barbeque, Asian Fusion"
https://www.yelp.com/biz/shin-toe-bul-yi-san-francisco,Shin Toe Bul Yi,3.9,690,True,$$,,Korean
https://www.yelp.com/biz/tang-bar-san-francisco,Tang Bar,3.9,661,True,$$,,"Szechuan, Noodles, Hot Pot"
https://www.yelp.com/biz/sakesan-sushi-and-robata-san-francisco-6,Sakesan Sushi & Robata,3.9,661,True,$$$,,"Japanese, Sushi Bars"
https://www.yelp.com/biz/gold-mirror-italian-restaurant-san-francisco,Gold Mirror Italian Restaurant,3.9,618,True,$$$,,"Italian, Seafood, Pizza"
https://www.yelp.com/biz/darby-dans-gourmet-sandwiches-south-san-francisco-2,Darby Dan's Gourmet Sandwiches,3.9,592,True,$$,,"Sandwiches, American, Burgers"
https://www.yelp.com/biz/mod-pizza-daly-city,MOD Pizza,3.9,536,True,$$,,"Fast Food, Pizza"
https://www.yelp.com/biz/red-cafe-san-francisco,Red Cafe,3.9,535,True,$$,,Diners
https://www.yelp.com/biz/mokis-sushi-and-pacific-grill-san-francisco,Moki's Sushi & Pacific Grill,3.9,527,True,$$,,"Sushi Bars, Japanese, Hawaiian"
https://www.yelp.com/biz/valencia-pizza-and-pasta-san-francisco,Valencia Pizza & Pasta,3.9,516,True,$$,,"Pizza, Italian, Breakfast & Brunch"
https://www.yelp.com/biz/aji-ichi-japanese-restaurant-san-bruno,Aji Ichi Japanese Restaurant,3.9,500,True,$$,,"Japanese, Sushi Bars"
https://www.yelp.com/biz/cafe-la-taza-san-francisco-2,Cafe La Taza,3.9,463,True,$$,,"Coffee & Tea, Latin American, Breakfast & Brunch"
https://www.yelp.com/biz/los-panchos-san-francisco,Los Panchos,3.9,440,True,$$,,"Mexican, Salvadoran"
https://www.yelp.com/biz/shine-thai-cuisine-daly-city,Shine Thai Cuisine,3.9,381,True,$$,,"Thai, Seafood, Noodles"
https://www.yelp.com/biz/los-metates-daly-city,Los Metates,3.9,379,True,$,,Tacos
https://www.yelp.com/biz/heung-yuen-restaurant-san-francisco,Heung Yuen Restaurant,3.9,375,True,$,,Chinese
https://www.yelp.com/biz/eplus-karaoke-south-san-francisco,Eplus Karaoke,3.9,373,True,$$,,"Karaoke, Chinese, Chicken Wings"
https://www.yelp.com/biz/ling-nam-restaurant-and-bakeshop-daly-city,Ling Nam Restaurant and Bakeshop,3.9,372,True,$$,,"Filipino, Bakeries, Coffee & Tea"
https://www.yelp.com/biz/mr-pickles-sandwich-shop-san-francisco,Mr. Pickle's Sandwich Shop,3.9,364,True,$,,"Sandwiches, Salad"
https://www.yelp.com/biz/dim-sum-club-san-francisco-3,Dim Sum Club,3.9,361,True,$$,,"Dim Sum, Seafood, Cantonese"
https://www.yelp.com/biz/petes-barbeque-san-francisco,Pete's Barbeque,3.9,347,True,$,,Barbeque
https://www.yelp.com/biz/banhwich-san-francisco,Banhwich,3.9,342,True,$,,"Vietnamese, Sandwiches"
https://www.yelp.com/biz/mosto-san-francisco,Mosto,3.9,323,True,$$,,"Cocktail Bars, Tacos"
https://www.yelp.com/biz/china-north-dumpling-san-francisco,China North Dumpling,3.9,300,True,$$,,Chinese
https://www.yelp.com/biz/pops-sandwich-shop-san-francisco,Pop's Sandwich Shop,3.9,295,True,$,,"Sandwiches, Salad"
https://www.yelp.com/biz/bayside-cafe-san-francisco,Bayside Cafe,3.9,289,True,$$,,"Coffee & Tea, Breakfast & Brunch, Sandwiches"
https://www.yelp.com/biz/starbird-chicken-san-francisco-3,Starbird Chicken,3.9,288,True,$$,,"Salad, Chicken Shop, Sandwiches"
https://www.yelp.com/biz/martha-and-bros-coffee-company-san-francisco-7,Martha & Bros Coffee Company,3.9,282,True,$,,"Coffee & Tea, Sandwiches, Coffee Roasteries"
https://www.yelp.com/biz/beautea-south-san-francisco-4,BeauTea,3.9,281,True,$$,,"Bubble Tea, Juice Bars & Smoothies, Sandwiches"
https://www.yelp.com/biz/fung-wah-restaurant-daly-city,Fung Wah Restaurant,3.9,261,True,$$,,Chinese
https://www.yelp.com/biz/la-espiga-de-oro-san-francisco,La Espiga De Oro,3.9,248,True,$,,Mexican
https://www.yelp.com/biz/vinorosso-san-francisco,VinoRosso,3.9,234,True,$$,,"Italian, Wine Bars, Specialty Food"
https://www.yelp.com/biz/radio-habana-social-club-san-francisco-3,Radio Habana Social Club,3.9,228,True,$$,,"Cuban, Bars"
https://www.yelp.com/biz/mobowl-brisbane,MoBowl,3.9,223,True,$,,"Food Trucks, Noodles, Chicken Shop"
https://www.yelp.com/biz/chef-lis-cafe-san-francisco-3,Chef Li's Cafe,3.9,216,True,$$,,"Chinese, Barbeque"
https://www.yelp.com/biz/viet-time-san-bruno,Viet Time,3.9,215,True,$$,,"Vietnamese, Noodles, Sandwiches"
https://www.yelp.com/biz/mamahuhu-san-francisco-3,Mamahuhu,3.9,199,True,$$,,Asian Fusion
https://www.yelp.com/biz/la-paloma-san-bruno,La Paloma,3.9,189,True,$$,,Mexican
https://www.yelp.com/biz/little-hunan-restaurant-daly-city,Little Hunan Restaurant,3.9,179,True,$,,Chinese
https://www.yelp.com/biz/nick-the-greek-daly-city-2,Nick the Greek,3.9,176,True,$$,,"Greek, Mediterranean, Fast Food"
https://www.yelp.com/biz/fat-beli-deli-san-francisco,Fat Beli Deli,3.9,172,True,$$,,"Delis, Sandwiches, Bagels"
https://www.yelp.com/biz/geneva-steakhouse-san-francisco,Geneva Steakhouse,3.9,168,True,$$,,"Steakhouses, Cheesesteaks"
https://www.yelp.com/biz/maple-sf-restaurant-san-francisco-2,Maple SF Restaurant,3.9,163,True,$$,,Chinese
https://www.yelp.com/biz/banh-mi-and-rolls-san-francisco,Banh Mi & Rolls,3.9,155,True,$,,"Vietnamese, Sandwiches, Coffee & Tea"
https://www.yelp.com/biz/ramen-house-san-francisco-2,Ramen House,3.9,145,True,$$,,Ramen
https://www.yelp.com/biz/curveball-slider-truck-south-san-francisco-2,Curveball Slider Truck,3.9,136,True,$$,,"Food Trucks, American"
https://www.yelp.com/biz/the-cypress-grill-san-francisco,The Cypress Grill,3.9,132,True,$$,,"American, Sandwiches"
https://www.yelp.com/biz/los-metates-south-san-francisco,Los Metates,3.9,125,True,$$,,Mexican
https://www.yelp.com/biz/el-salvador-restaurant-san-francisco-2,El Salvador Restaurant,3.9,120,True,$,,"Salvadoran, Salad, Seafood"
https://www.yelp.com/biz/lucky-house-restaurant-brisbane,Lucky House Restaurant,3.9,117,True,$,,Chinese
https://www.yelp.com/biz/onigilly-japanese-kitchen-san-francisco-2,Onigilly Japanese Kitchen,3.9,105,True,$$,,Japanese
https://www.yelp.com/biz/lets-eat-bbq-and-more-san-francisco-2,Let's Eat BBQ & More,3.9,100,True,$$,,"Barbeque, Seafood, Soul Food"
https://www.yelp.com/biz/izzys-cheesesteaks-south-san-francisco-2,Izzy's Cheesesteaks,3.9,91,True,$$,,"Food Trucks, Cheesesteaks"
https://www.yelp.com/biz/e-plus-south-san-francisco,E Plus,3.9,85,True,,,"Hong Kong Style Cafe, Asian Fusion, Chinese"
https://www.yelp.com/biz/ming-hui-dim-sum-san-francisco,Ming Hui Dim Sum,3.9,76,True,$,,"Dim Sum, Bakeries"
https://www.yelp.com/biz/el-huarache-loco-san-francisco,El Huarache Loco,3.9,76,True,$,,Mexican
https://www.yelp.com/biz/b-and-w-kitchen-san-francisco-2,B&W Kitchen,3.9,73,True,,,"Chinese, Barbeque, Seafood"
https://www.yelp.com/biz/mi-yucatan-san-francisco,Mi Yucatan,3.9,69,True,$$,,"Mexican, Latin American"
https://www.yelp.com/biz/el-porte%C3%B1o-ii-restaurant-and-bar-san-francisco,El Porteño II Restaurant & Bar,3.9,67,True,$$,,"Peruvian, Bars, Chinese"
https://www.yelp.com/biz/taqueria-los-agaves-daly-city-2,Taqueria Los Agaves,3.9,50,True,$$,,Mexican
https://www.yelp.com/biz/north-beach-pizza-daly-city,North Beach Pizza,3.9,48,True,$$,,"Pizza, Italian, Sandwiches"
https://www.yelp.com/biz/omakase-world-market-south-san-francisco,Omakase World Market,3.9,29,True,$$,,"Bars, Breakfast & Brunch, Karaoke"
https://www.yelp.com/biz/nizarios-pizza-san-francisco-6,Nizario's Pizza,3.9,25,True,$,,Pizza
https://www.yelp.com/biz/fun-tea-house-san-francisco,Fun Tea House,3.9,12,True,,,"Bubble Tea, Juice Bars & Smoothies, Chicken Wings"
https://www.yelp.com/biz/flour-water-san-francisco,Flour + Water,3.8,2868,True,$$$,,"Italian, Pizza"
https://www.yelp.com/biz/outerlands-san-francisco,Outerlands,3.8,2630,True,$$,,"New American, Breakfast & Brunch, Bars"
https://www.yelp.com/biz/toyose-san-francisco-3,Toyose,3.8,1858,True,$$,,"Korean, Desserts, Breakfast & Brunch"
https://www.yelp.com/biz/la-corneta-taqueria-san-francisco-2,La Corneta Taqueria,3.8,1475,True,$$,,Mexican
https://www.yelp.com/biz/white-elephant-restaurant-south-san-francisco-2,White Elephant Restaurant,3.8,1401,True,$$,,"Thai, Noodles"
https://www.yelp.com/biz/chouchou-french-bistro-san-francisco,ChouChou French Bistro,3.8,1392,True,$$$,,French
https://www.yelp.com/biz/boogaloos-san-francisco,Boogaloos,3.8,1220,True,$$,,"American, Breakfast & Brunch, Latin American"
https://www.yelp.com/biz/dumpling-empire-south-san-francisco,Dumpling Empire,3.8,1141,True,$$,,"Dim Sum, Noodles"
https://www.yelp.com/biz/rosamunde-sausage-grill-san-francisco-2,Rosamunde Sausage Grill,3.8,1022,True,$$,,"German, American, Beer Bar"
https://www.yelp.com/biz/amami-san-sushi-south-san-francisco-2,Amami San Sushi,3.8,1007,True,$$,,"Sushi Bars, Japanese"
https://www.yelp.com/biz/mama-jis-san-francisco-2,MaMa Ji's,3.8,950,True,$$,,"Dim Sum, Szechuan"
https://www.yelp.com/biz/atlas-cafe-san-francisco,Atlas Cafe,3.8,926,True,$$,,"Coffee & Tea, Sandwiches, Breakfast & Brunch"
https://www.yelp.com/biz/joanns-cafe-south-san-francisco,JoAnn's Cafe,3.8,812,True,$$,,"American, Breakfast & Brunch"
https://www.yelp.com/biz/la-corneta-taqueria-san-francisco,La Corneta Taqueria,3.8,795,True,$$,,Mexican
https://www.yelp.com/biz/big-mouth-burgers-san-bruno-3,Big Mouth Burgers,3.8,789,True,$$,,"Burgers, Sandwiches"
https://www.yelp.com/biz/wasabi-bistro-san-francisco,Wasabi Bistro,3.8,741,True,$$,,"Sushi Bars, Japanese"
https://www.yelp.com/biz/bravo-pizza-san-francisco,Bravo Pizza,3.8,699,True,$$,,"Pizza, Italian"
https://www.yelp.com/biz/noori-san-bruno-san-bruno-2,Noori - San Bruno,3.8,693,True,$$,,"Indian, Pakistani, Halal"
https://www.yelp.com/biz/hashes-and-brews-san-bruno,Hashes & Brews,3.8,635,True,$$,,"Bars, American, Breakfast & Brunch"
https://www.yelp.com/biz/cocos-ramen-san-francisco-3,Coco's Ramen,3.8,619,True,$$,,Ramen
https://www.yelp.com/biz/vanida-thai-kitchen-san-francisco-4,Vanida Thai Kitchen,3.8,592,True,$$,,"Thai, Noodles, Comfort Food"
https://www.yelp.com/biz/zazpi-at-the-basque-cultural-center-south-san-francisco,Zazpi at the Basque Cultural Center,3.8,579,True,$$,,"Basque, Cultural Center"
https://www.yelp.com/biz/canyon-market-san-francisco-3,Canyon Market,3.8,561,True,$$,,"Grocery, Bakeries, Sandwiches"
https://www.yelp.com/biz/naan-n-curry-daly-city,Naan -N- Curry,3.8,542,True,$,,"Pakistani, Indian, Halal"
https://www.yelp.com/biz/taqueria-la-morena-south-san-francisco,Taqueria La Morena,3.8,519,True,$$,,"Mexican, Seafood"
https://www.yelp.com/biz/cafe-ethiopia-san-francisco,Cafe Ethiopia,3.8,513,True,$$,,Ethiopian
https://www.yelp.com/biz/thai-nakorn-san-bruno,Thai Nakorn,3.8,508,True,$$,,Thai
https://www.yelp.com/biz/rins-thai-san-francisco,Rin's Thai,3.8,447,True,$$,,"Thai, Salad, Noodles"
https://www.yelp.com/biz/tower-burger-san-francisco,Tower Burger,3.8,423,True,$$,,"Burgers, American, Fish & Chips"
https://www.yelp.com/biz/taqueria-guadalajara-san-francisco-2,Taqueria Guadalajara,3.8,399,True,$,,Mexican
https://www.yelp.com/biz/el-pollo-supremo-san-francisco-5,El Pollo Supremo,3.8,388,True,$$,,"Mexican, Cuban, Chicken Shop"
https://www.yelp.com/biz/wok-station-daly-city-2,Wok Station,3.8,372,True,$$,,Chinese
https://www.yelp.com/biz/zabb-thai-cuisine-san-francisco,Zabb Thai Cuisine,3.8,371,True,$$,,Thai
https://www.yelp.com/biz/takara-sushi-san-francisco,Takara Sushi,3.8,360,True,$$,,"Sushi Bars, Japanese"
https://www.yelp.com/biz/auntie-ems-fine-foods-and-pastries-south-san-francisco,Auntie Em's Fine Foods & Pastries,3.8,328,True,$,,"Bakeries, Cupcakes, Filipino"
https://www.yelp.com/biz/philz-coffee-san-francisco-46,Philz Coffee,3.8,268,True,$,,"Coffee & Tea, Breakfast & Brunch"
https://www.yelp.com/biz/teazo-san-francisco,Teazo,3.8,265,True,$,,"Bubble Tea, Juice Bars & Smoothies, Pancakes"
https://www.yelp.com/biz/new-york-pizza-san-bruno,New York Pizza,3.8,265,True,$$,,Pizza
https://www.yelp.com/biz/taqueria-leon-san-bruno,Taqueria Leon,3.8,252,True,$$,,"Mexican, Salvadoran, Beer Bar"
https://www.yelp.com/biz/chase-luck-bakery-san-francisco,Chase Luck Bakery,3.8,245,True,$,,"Dim Sum, Cantonese, Bakeries"
https://www.yelp.com/biz/burrito-loco-san-francisco-2,Burrito Loco,3.8,235,True,$$,,"Mexican, Fast Food"
https://www.yelp.com/biz/rancho-las-trancas-south-san-francisco,Rancho Las Trancas,3.8,233,True,$$,,Mexican
https://www.yelp.com/biz/el-porte%C3%B1o-san-francisco-6,El Porteño,3.8,226,True,$$,,"Peruvian, Chinese"
https://www.yelp.com/biz/dumpling-and-cajun-seafood-south-san-francisco,Dumpling and Cajun Seafood,3.8,211,True,$$,,"Cajun/Creole, Seafood, Chinese"
https://www.yelp.com/biz/bobcha-sf-san-francisco-2,Bobcha SF,3.8,176,True,$$,,"Korean, Food Trucks, Caterers"
https://www.yelp.com/biz/el-tonayense-san-francisco-8,El Tonayense,3.8,153,True,$,,"Mexican, Food Trucks"
https://www.yelp.com/biz/tekka-house-san-francisco,Tekka House,3.8,152,True,$$,,"Sushi Bars, Japanese, Beer Bar"
https://www.yelp.com/biz/sisters-cafe-shop-san-francisco,Sisters Cafe Shop,3.8,150,True,$,,"Coffee & Tea, Breakfast & Brunch, Bagels"
https://www.yelp.com/biz/nation-s-giant-hamburgers-south-san-francisco-3,Nation’s Giant Hamburgers,3.8,136,True,$$,,"Burgers, Desserts, Breakfast & Brunch"
https://www.yelp.com/biz/sweet-delight-bakery-san-francisco,Sweet Delight Bakery,3.8,135,True,$,,"Bakeries, Dim Sum"
https://www.yelp.com/biz/la-quinta-restaurant-san-francisco,La Quinta Restaurant,3.8,125,True,$,,Mexican
https://www.yelp.com/biz/so-pho-so-good-san-francisco,So Pho So Good,3.8,107,True,$$,,"Vietnamese, Desserts, Seafood"
https://www.yelp.com/biz/gold-coast-grill-and-catering-san-francisco,Gold Coast Grill & Catering,3.8,94,True,$,,"American, Breakfast & Brunch, Burgers"
https://www.yelp.com/biz/kababayan-san-francisco,Kababayan,3.8,91,True,$,,"Filipino, Barbeque, Fast Food"
https://www.yelp.com/biz/noriega-star-restaurant-san-francisco,Noriega Star Restaurant,3.8,90,True,$$,,Chinese
https://www.yelp.com/biz/taqueria-chapala-san-francisco,Taqueria Chapala,3.8,90,True,,,"Breakfast & Brunch, Tacos, Seafood"
https://www.yelp.com/biz/las-brisas-de-acapulco-san-francisco,Las Brisas de Acapulco,3.8,78,True,$,,"New American, Mexican, Salvadoran"
https://www.yelp.com/biz/farley-s-cafe-and-lounge-san-francisco,Farley’s Cafe And Lounge,3.8,73,True,,,"Cafes, Lounges"
https://www.yelp.com/biz/besans-international-market-san-bruno-4,Besan's International Market,3.8,73,True,$,,"Halal, International Grocery, Middle Eastern"
https://www.yelp.com/biz/brasa-bros-san-francisco,Brasa Bros,3.8,63,True,$$,,"Peruvian, Fast Food, Chicken Shop"
https://www.yelp.com/biz/el-tacotote-south-san-francisco,El Tacotote,3.8,38,True,$,,Mexican
https://www.yelp.com/biz/grand-lake-kitchen-san-francisco-4,Grand Lake Kitchen,3.8,36,True,,,"New American, Breakfast & Brunch, Cocktail Bars"
https://www.yelp.com/biz/ariels-breakfast-san-francisco,Ariel's Breakfast,3.8,32,True,,,"Breakfast & Brunch, Bagels, Desserts"
https://www.yelp.com/biz/taqueria-las-katrinas-san-francisco,Taqueria Las Katrina's,3.8,30,True,,,"Mexican, Seafood, Soup"
https://www.yelp.com/biz/clean-bites-san-francisco,Clean Bites,3.8,28,True,,,"Juice Bars & Smoothies, Acai Bowls, Wraps"
https://www.yelp.com/biz/school-house-deli-south-san-francisco,School House Deli,3.8,27,True,$,,"Beer, Wine & Spirits, Convenience Stores, Delis"
https://www.yelp.com/biz/farm-fresh-underground-san-francisco,Farm Fresh Underground,3.8,16,True,$,,"Juice Bars & Smoothies, Soup, Sandwiches"
https://www.yelp.com/biz/precita-market-and-deli-san-francisco,Precita Market & Deli,3.8,12,True,$$$$,,"Convenience Stores, Delis"
https://www.yelp.com/biz/india-gourmet-san-francisco,India Gourmet,3.8,8,True,$,,"Indian, Food Stands"
https://www.yelp.com/biz/peak-provisions-south-san-francisco,Peak Provisions,3.8,8,True,,,"Coffee & Tea, Cafes, Breakfast & Brunch"
https://www.yelp.com/biz/media-cancha-san-francisco,Media Cancha,3.8,6,True,,,"Mexican, Salvadoran, Soup"
https://www.yelp.com/biz/crave-s-birdhouse-san-francisco,Crave’s Birdhouse,3.8,4,True,,,"Chicken Shop, Sandwiches, Halal"
https://www.yelp.com/biz/kingdom-of-dumplings-san-francisco,Kingdom Of Dumplings,3.7,2435,True,$$,,"Dim Sum, Noodles"
https://www.yelp.com/biz/papalote-mexican-grill-san-francisco,Papalote Mexican Grill,3.7,2390,True,$$,,"Mexican, Vegan, Vegetarian"
https://www.yelp.com/biz/boulevard-cafe-daly-city,Boulevard Cafe,3.7,2250,True,$$,,"New American, Breakfast & Brunch, Cocktail Bars"
https://www.yelp.com/biz/tacolicious-san-francisco-7,Tacolicious,3.7,1767,True,$$,,"Cocktail Bars, Caterers, Tacos"
https://www.yelp.com/biz/esperpento-san-francisco,Esperpento,3.7,1471,True,$$,,"Spanish, Tapas Bars"
https://www.yelp.com/biz/kasa-indian-eatery-san-francisco-10,Kasa Indian Eatery,3.7,1186,True,$,,"Indian, Caterers, Vegetarian"
https://www.yelp.com/biz/isla-restaurant-san-bruno,Isla Restaurant,3.7,1108,True,$$,,Filipino
https://www.yelp.com/biz/teeth-san-francisco,Teeth,3.7,1095,True,$$,,"Bars, New American"
https://www.yelp.com/biz/taraval-okazu-ya-restaurant-san-francisco,Taraval Okazu Ya Restaurant,3.7,1067,True,$$,,"Japanese, Sushi Bars"
https://www.yelp.com/biz/the-pizza-place-on-noriega-san-francisco-2,The Pizza Place on Noriega,3.7,916,True,$$,,"Pizza, Italian"
https://www.yelp.com/biz/judahlicious-san-francisco,Judahlicious,3.7,905,True,$$,,"Juice Bars & Smoothies, Vegan, Live/Raw Food"
https://www.yelp.com/biz/the-garden-club-south-san-francisco-2,The Garden Club,3.7,855,True,$$$,,"Bars, Breakfast & Brunch, New American"
https://www.yelp.com/biz/cheung-hing-restaurant-san-francisco-2,Cheung Hing Restaurant,3.7,826,True,$$,,"Chinese, Barbeque"
https://www.yelp.com/biz/mozzarella-di-bufala-pizzeria-san-francisco-3,Mozzarella di Bufala,3.7,753,True,$$,,"Pizza, Brazilian, Italian"
https://www.yelp.com/biz/the-sausage-factory-san-francisco,The Sausage Factory,3.7,705,True,$$,,"Italian, Pizza, Salad"
https://www.yelp.com/biz/serranos-pizza-san-francisco-3,Serrano's Pizza,3.7,700,True,$,,"Pizza, Salad, Pasta Shops"
https://www.yelp.com/biz/kuyas-asian-cuisine-san-bruno,Kuya's Asian Cuisine,3.7,699,True,$$,,"Filipino, Asian Fusion"
https://www.yelp.com/biz/jasmine-tea-house-san-francisco,Jasmine Tea House,3.7,630,True,$$,,Chinese
https://www.yelp.com/biz/akagi-restaurant-san-bruno,Akagi Restaurant,3.7,611,True,$$,,"Japanese, Sushi Bars"
https://www.yelp.com/biz/big-mouth-burgers-san-francisco,Big Mouth Burgers,3.7,592,True,$$,,Burgers
https://www.yelp.com/biz/ocean-fish-sushi-and-grill-pacifica,Ocean Fish Sushi & Grill,3.7,565,True,$$,,"Japanese, Sushi Bars, Salad"
https://www.yelp.com/biz/tennessee-grill-san-francisco,Tennessee Grill,3.7,534,True,$$,,"Diners, American, Breakfast & Brunch"
https://www.yelp.com/biz/golden-gate-san-francisco-3,Golden Gate,3.7,521,True,$$,,"Pizza, Indian, Seafood"
https://www.yelp.com/biz/brothers-pizza-san-francisco,Brothers Pizza,3.7,520,True,$$,,"Pizza, Indian"
https://www.yelp.com/biz/cat-coras-kitchen-san-francisco,Cat Cora's Kitchen,3.7,501,True,$$,,New American
https://www.yelp.com/biz/papa-maks-burgers-san-francisco,Papa Mak's Burgers,3.7,493,True,$$,,"Burgers, Desserts, Salad"
https://www.yelp.com/biz/hamano-sushi-san-francisco,Hamano Sushi,3.7,480,True,$$,,"Sushi Bars, Japanese, Seafood"
https://www.yelp.com/biz/boracay-garden-and-grill-south-san-francisco,Boracay Garden & Grill,3.7,476,True,$$,,"Filipino, Asian Fusion"
https://www.yelp.com/biz/wei-s-cafe-san-francisco-2,Wei’s Cafe,3.7,445,True,$$,,"Chinese, Breakfast & Brunch, Vietnamese"
https://www.yelp.com/biz/izumi-revolving-sushi-daly-city-2,Izumi Revolving Sushi,3.7,413,True,$$,,"Sushi Bars, Conveyor Belt Sushi"
https://www.yelp.com/biz/little-joes-pizza-san-francisco-2,Little Joe's Pizza,3.7,390,True,$$,,"Italian, Pizza, Mexican"
https://www.yelp.com/biz/l-and-l-hawaiian-barbecue-daly-city,L&L Hawaiian Barbecue,3.7,349,True,$$,,"Hawaiian, Barbeque"
https://www.yelp.com/biz/ming-tai-wun-tun-noodle-san-francisco,Ming Tai Wun-Tun Noodle,3.7,339,True,$$,,"Noodles, Cantonese, Hong Kong Style Cafe"
https://www.yelp.com/biz/cable-car-cafe-south-san-francisco-2,Cable Car Cafe,3.7,338,True,$$,,"Burgers, Cafes, Breakfast & Brunch"
https://www.yelp.com/biz/my-cup-of-tea-san-francisco-2,My Cup of Tea,3.7,336,True,$$,,"Bubble Tea, Vietnamese"
https://www.yelp.com/biz/kama-sushi-san-francisco-9,Kama Sushi,3.7,326,True,$$,,"Sushi Bars, Japanese"
https://www.yelp.com/biz/foundry-and-lux-south-san-francisco,Foundry & Lux,3.7,309,True,$$,,"New American, Lounges, Venues & Event Spaces"
https://www.yelp.com/biz/taco-los-altos-san-francisco,Taco Los Altos,3.7,292,True,$,,"Mexican, Breakfast & Brunch, Seafood"
https://www.yelp.com/biz/hing-lung-cafe-south-san-francisco-12,Hing Lung Cafe,3.7,270,True,$$,,"Cantonese, Barbeque, Noodles"
https://www.yelp.com/biz/ninja-sushi-and-tofu-san-bruno-3,Ninja Sushi & Tofu,3.7,268,True,$$,,"Korean, Sushi Bars"
https://www.yelp.com/biz/cafe-xo-san-francisco,Cafe XO,3.7,263,True,$,,"Coffee & Tea, Sandwiches"
https://www.yelp.com/biz/pizza-express-san-francisco-2,Pizza Express,3.7,262,True,$$,,Pizza
https://www.yelp.com/biz/truffle-pok%C3%A9-bar-south-san-francisco-4,Truffle Poké Bar,3.7,247,True,$$,,"Poke, Sushi Bars"
https://www.yelp.com/biz/little-vietnamese-bistro-san-bruno,Little Vietnamese Bistro,3.7,246,True,$$,,"Vietnamese, Noodles"
https://www.yelp.com/biz/bernal-heights-pizzeria-san-francisco,Bernal Heights Pizzeria,3.7,237,True,$$,,"Pizza, Breakfast & Brunch, Pasta Shops"
https://www.yelp.com/biz/georges-cafe-san-francisco,George's Cafe,3.7,230,True,$$,,"Donuts, Cafes, Beer, Wine & Spirits"
https://www.yelp.com/biz/noriega-cafe-san-francisco,Noriega Cafe,3.7,225,True,$$,,"Japanese, Hong Kong Style Cafe, Pan Asian"
https://www.yelp.com/biz/als-super-cafe-san-francisco,Al's Super Cafe,3.7,221,True,$$,,"American, Breakfast & Brunch, Burgers"
https://www.yelp.com/biz/ling-ling-cuisine-restaurant-san-francisco,Ling Ling Cuisine Restaurant,3.7,216,True,$,,"Chinese, Noodles, Desserts"
https://www.yelp.com/biz/ruddys-taco-truck-san-bruno,Ruddy's Taco Truck,3.7,210,True,$,,"Food Trucks, Tacos, Caterers"
https://www.yelp.com/biz/chavas-restaurant-san-francisco,Chava's Restaurant,3.7,197,True,$$,,Mexican
https://www.yelp.com/biz/westlake-coffee-shop-daly-city-2,Westlake Coffee Shop,3.7,193,True,$$,,"American, Breakfast & Brunch, Cafes"
https://www.yelp.com/biz/el-taco-loco-the-original-san-francisco,El Taco Loco The Original,3.7,181,True,$,,Mexican
https://www.yelp.com/biz/la-torta-sabrosa-south-san-francisco-2,La Torta Sabrosa,3.7,168,True,$,,"Mexican, Sandwiches"
https://www.yelp.com/biz/elsys-restaurant-san-francisco,Elsy's Restaurant,3.7,145,True,$,,Salvadoran
https://www.yelp.com/biz/chick-n-coop-daly-city,Chick N Coop,3.7,144,True,$$,,"Sandwiches, American, Chicken Shop"
https://www.yelp.com/biz/sunsets-best-seafood-restaurant-san-francisco,Sunset's Best Seafood Restaurant,3.7,141,True,$$,,"Chinese, Seafood"
https://www.yelp.com/biz/old-pier-hong-kong-bbq-san-francisco-2,Old Pier Hong Kong BBQ,3.7,134,True,$$,,"Cantonese, Barbeque"
https://www.yelp.com/biz/hd-rice-noodle-san-francisco,HD Rice Noodle,3.7,132,True,$$,,"Noodles, Chinese, Soup"
https://www.yelp.com/biz/the-boneyard-south-san-francisco,The Boneyard,3.7,94,True,$$,,"Food Trucks, Barbeque"
https://www.yelp.com/biz/panda-boba-san-francisco,Panda Boba,3.7,83,True,$,,"Coffee & Tea, Chicken Wings, Juice Bars & Smoothies"
https://www.yelp.com/biz/new-dragon-garden-south-san-francisco,New Dragon Garden,3.7,83,True,$$,,Chinese
https://www.yelp.com/biz/railroad-expresso-san-francisco,Railroad Expresso,3.7,79,True,$,,"Coffee & Tea, Cafes"
https://www.yelp.com/biz/kellys-deli-colma-2,Kellys Deli,3.7,73,True,$,,Delis
https://www.yelp.com/biz/wingstop-san-francisco-7,Wingstop,3.7,65,True,,,Chicken Wings
https://www.yelp.com/biz/las-cocineras-restaurant-san-francisco,Las Cocineras Restaurant,3.7,21,True,$,,Mexican
https://www.yelp.com/biz/claires-pastries-and-restaurant-daly-city,Claire's Pastries and Restaurant,3.7,20,True,$,,Filipino
https://www.yelp.com/biz/taqueria-2-amigos-south-san-francisco,Taqueria 2 Amigos,3.7,18,True,,,"Food Trucks, Mexican"
https://www.yelp.com/biz/hot-dog-bills-san-francisco,Hot Dog Bills,3.7,17,True,$,,"Hot Dogs, Food Stands"
https://www.yelp.com/biz/el-ranchito-south-san-francisco-2,El Ranchito,3.7,10,True,$,,Mexican
https://www.yelp.com/biz/san-francisco-state-university-cafeteria-san-francisco,San Francisco State University Cafeteria,3.7,7,True,,,"Cafeteria, Pizza, Sandwiches"
https://www.yelp.com/biz/pedrito-s-san-francisco,Pedrito’s,3.7,6,True,,,"Coffee & Tea, Bagels, Sandwiches"
https://www.yelp.com/biz/italian-pasta-kitchen-san-francisco-2,Italian Pasta Kitchen,3.7,3,True,,,Italian
https://www.yelp.com/biz/the-marshs-mock-cafe-san-francisco,The Marsh's Mock Cafe,3.7,3,True,,,"Comedy Clubs, Cafes"
https://www.yelp.com/biz/tacos-el-chilango-san-francisco,Tacos El Chilango,3.7,3,True,,,"Tacos, Barbeque"
https://www.yelp.com/biz/only-buns-i-need-san-francisco,Only Buns I need,3.7,3,True,,,"Salad, Burgers, Desserts"
https://www.yelp.com/biz/unos-tacos-san-francisco,Uno's Tacos,3.7,3,True,,,"Tacos, Food Trucks"
https://www.yelp.com/biz/bayview-pasta-san-francisco,Bayview Pasta,3.7,3,True,,,"Pasta Shops, Pop-Up Restaurants"
https://www.yelp.com/biz/hong-kong-ban-jeom-san-francisco,Hong Kong Ban Jeom,3.7,3,True,,,Korean
https://www.yelp.com/biz/old-mandarin-islamic-restaurant-san-francisco,Old Mandarin Islamic Restaurant,3.6,1104,True,$$,,"Chinese, Halal, Hot Pot"
https://www.yelp.com/biz/el-burrito-express-san-francisco,El Burrito Express,3.6,1014,True,$$,,Mexican
https://www.yelp.com/biz/tokyo-sushi-and-bar-south-san-francisco,Tokyo Sushi & Bar,3.6,916,True,$$,,"Japanese, Bars, Sushi Bars"
https://www.yelp.com/biz/erics-restaurant-san-francisco,Eric's Restaurant,3.6,907,True,$$,,"Chinese, Seafood, Noodles"
https://www.yelp.com/biz/dae-jang-geum-tofu-house-daly-city,Dae Jang Geum Tofu House,3.6,715,True,$$,,Korean
https://www.yelp.com/biz/thai-original-bbq-pacifica,Thai Original BBQ,3.6,685,True,$$,,Thai
https://www.yelp.com/biz/hung-to-seafood-restaurant-south-san-francisco,Hung To Seafood Restaurant,3.6,663,True,$$,,"Dim Sum, Seafood, Cantonese"
https://www.yelp.com/biz/pacifica-thai-cuisine-pacifica,Pacifica Thai Cuisine,3.6,531,True,$$,,Thai
https://www.yelp.com/biz/seniores-pizza-san-bruno-4,Seniore's Pizza,3.6,510,True,$$,,Pizza
https://www.yelp.com/biz/celias-by-the-beach-san-francisco,Celia's by the Beach,3.6,470,True,$$,,"Mexican, Sports Bars"
https://www.yelp.com/biz/the-little-chihuahua-san-francisco-3,The Little Chihuahua,3.6,466,True,$$,,Mexican
https://www.yelp.com/biz/izanami-south-san-francisco-3,Izanami,3.6,460,True,$$,,"Sushi Bars, Ramen"
https://www.yelp.com/biz/taqueria-san-jose-san-francisco,Taqueria San Jose,3.6,441,True,$$,,Mexican
https://www.yelp.com/biz/riverside-seafood-restaurant-san-francisco,Riverside Seafood Restaurant,3.6,428,True,$$,,"Dim Sum, Seafood, Cantonese"
https://www.yelp.com/biz/taqueria-cancun-san-francisco,Taqueria Cancun,3.6,423,True,$,,Mexican
https://www.yelp.com/biz/the-liberties-san-francisco,The Liberties,3.6,379,True,$$,,"Bars, Breakfast & Brunch, American"
https://www.yelp.com/biz/taqueria-dos-charros-san-francisco-2,Taqueria Dos Charros,3.6,349,True,$,,Mexican
https://www.yelp.com/biz/chit-chat-cafe-pacifica,Chit Chat Cafe,3.6,330,True,$,,"Coffee & Tea, Bagels, Sandwiches"
https://www.yelp.com/biz/hildas-mart-and-bake-shop-san-francisco,Hilda's Mart & Bake Shop,3.6,310,True,$,,"Bakeries, Filipino"
https://www.yelp.com/biz/wins-restaurant-san-francisco,Win's Restaurant,3.6,297,True,$$,,Chinese
https://www.yelp.com/biz/playa-azul-san-francisco,Playa Azul,3.6,259,True,$$,,"Mexican, Seafood, Cocktail Bars"
https://www.yelp.com/biz/bayhill-vietnamese-bistro-san-bruno-2,Bayhill Vietnamese Bistro,3.6,250,True,$$,,Vietnamese
https://www.yelp.com/biz/tak-kee-lee-san-francisco,Tak Kee Lee,3.6,248,True,$$,,"Chinese, Hong Kong Style Cafe, Noodles"
https://www.yelp.com/biz/jj-fish-and-chicken-san-francisco-san-francisco,JJ Fish & Chicken - San Francisco,3.6,241,True,$$,,"Chicken Wings, Seafood, Fish & Chips"
https://www.yelp.com/biz/hawaiian-drive-inn-daly-city,Hawaiian Drive Inn,3.6,225,True,$,,"Hawaiian, Barbeque"
https://www.yelp.com/biz/mandarin-house-sf-san-francisco,Mandarin House SF,3.6,224,True,$$,,"Chinese, Noodles, Vegetarian"
https://www.yelp.com/biz/sushi-suki-san-francisco,Sushi Suki,3.6,223,True,$$,,"Sushi Bars, Japanese"
https://www.yelp.com/biz/melissas-taqueria-brisbane,Melissa's Taqueria,3.6,217,True,$$,,"Mexican, Salad, Breakfast & Brunch"
https://www.yelp.com/biz/peking-restaurant-san-francisco,Peking Restaurant,3.6,196,True,$,,"Shanghainese, Szechuan"
https://www.yelp.com/biz/pho-cafe-daly-city-7,Pho Cafe,3.6,158,True,$$,,"Noodles, Soup, Vietnamese"
https://www.yelp.com/biz/j-and-e-restaurant-san-francisco,J & E Restaurant,3.6,151,True,$,,"Chinese, Seafood"
https://www.yelp.com/biz/ohana-hawaiian-bbq-daly-city-2,Ohana Hawaiian BBQ,3.6,145,True,,,"Hawaiian, Barbeque"
https://www.yelp.com/biz/mr-pollo-daly-city-4,Mr. Pollo,3.6,121,True,$$,,"Colombian, Mexican, Juice Bars & Smoothies"
https://www.yelp.com/biz/creightons-bakery-and-cafe-san-francisco,Creighton's Bakery & Cafe,3.6,110,True,$,,"Coffee & Tea, Sandwiches, Breakfast & Brunch"
https://www.yelp.com/biz/b-and-j-1-4-lb-burgers-san-francisco,B & J 1/4 Lb Burgers,3.6,110,True,$,,"American, Burgers, Breakfast & Brunch"
https://www.yelp.com/biz/three-star-restaurant-san-francisco,Three Star Restaurant,3.6,102,True,$,,Chinese
https://www.yelp.com/biz/el-rinconcito-nicaraguense-san-francisco-2,El Rinconcito Nicaraguense,3.6,99,True,$$,,Nicaraguan
https://www.yelp.com/biz/taqueria-la-altena-san-francisco-5,Taqueria La Altena,3.6,98,True,$$,,"Mexican, Seafood, Breakfast & Brunch"
https://www.yelp.com/biz/vegan-mob-san-bruno-2,Vegan Mob,3.6,73,True,$$,,"Soul Food, Vegan, Food Trucks"
https://www.yelp.com/biz/z-one-kitchen-san-bruno-2,Z-One Kitchen,3.6,72,True,,,Chinese
https://www.yelp.com/biz/coco-edomae-sushi-san-francisco-4,Coco EdoMae Sushi,3.6,64,True,,,"Sushi Bars, Beer, Wine & Spirits, Desserts"
https://www.yelp.com/biz/chavitas-san-francisco,Chavitas,3.6,54,True,$,,Mexican
https://www.yelp.com/biz/tacos-el-ranchito-truck-san-bruno,Tacos El Ranchito Truck,3.6,50,True,$,,"Food Stands, Mexican"
https://www.yelp.com/biz/the-landing-restaurant-bar-south-san-francisco,The Landing Restaurant + Bar,3.6,31,True,,,New American
https://www.yelp.com/biz/all-nite-pizza-san-francisco,All Nite Pizza,3.6,23,True,,,"Pizza, Burgers, Chicken Wings"
https://www.yelp.com/biz/porky-wow-san-francisco-2,Porky Wow!,3.6,7,True,,,"Tacos, New Mexican Cuisine"
https://www.yelp.com/biz/chubby-pie-san-francisco,Chubby Pie,3.6,7,True,,,"Pizza, Italian"
https://www.yelp.com/biz/banana-island-daly-city,Banana Island,3.5,1840,True,$$,,"Thai, Singaporean, Malaysian"
https://www.yelp.com/biz/dim-sum-king-daly-city,Dim Sum King,3.5,1584,True,$$,,Dim Sum
https://www.yelp.com/biz/baby-blues-bbq-san-francisco-2,Baby Blues BBQ,3.5,1288,True,$$,,"Barbeque, Beer Bar, Sandwiches"
https://www.yelp.com/biz/golden-island-cafe-san-francisco,Golden Island Cafe,3.5,1106,True,$,,"Desserts, Juice Bars & Smoothies, Cafes"
https://www.yelp.com/biz/grand-palace-restaurant-south-san-francisco,Grand Palace Seafood Restaurant 富源酒家,3.5,1083,True,$$$,,"Dim Sum, Seafood, Cantonese"
https://www.yelp.com/biz/fresca-san-francisco-3,Fresca,3.5,968,True,$$,,Peruvian
https://www.yelp.com/biz/blaze-pizza-san-francisco-2,Blaze Pizza,3.5,910,True,$$,,"Pizza, Salad, Fast Food"
https://www.yelp.com/biz/the-night-market-south-san-francisco-2,The Night Market,3.5,714,True,$$,,"Hong Kong Style Cafe, Dim Sum, Venues & Event Spaces"
https://www.yelp.com/biz/thai-house-express-san-francisco-2,Thai House Express Restaurant,3.5,712,True,$$,,"Thai, Noodles"
https://www.yelp.com/biz/karilagan-south-san-francisco,Karilagan,3.5,697,True,$$,,"Filipino, Seafood, Noodles"
https://www.yelp.com/biz/tomo-sushi-and-teriyaki-daly-city,Tomo Sushi & Teriyaki,3.5,670,True,$$,,"Japanese, Sushi Bars"
https://www.yelp.com/biz/beijing-restaurant-san-francisco,Beijing Restaurant,3.5,579,True,$$,,"Chinese, Noodles, Asian Fusion"
https://www.yelp.com/biz/crazy-pepper-san-francisco,Crazy Pepper,3.5,567,True,$,,"Chinese, Seafood, Noodles"
https://www.yelp.com/biz/precita-park-cafe-san-francisco,Precita Park Cafe,3.5,524,True,$$,,"Cafes, New American, Pizza"
https://www.yelp.com/biz/tasty-pot-daly-city,Tasty Pot,3.5,506,True,$$,,"Taiwanese, Bubble Tea, Hot Pot"
https://www.yelp.com/biz/sweet-basil-thai-cuisine-san-francisco-2,Sweet Basil Thai Cuisine,3.5,428,True,$$,,Thai
https://www.yelp.com/biz/guerreros-taqueria-2-pacifica,Guerrero's Taqueria 2,3.5,303,True,$$,,Mexican
https://www.yelp.com/biz/mixt-san-francisco-13,MIXT,3.5,289,True,$$,,"Salad, Vegetarian"
https://www.yelp.com/biz/mings-diner-san-francisco,Ming's Diner,3.5,218,True,$,,Chinese
https://www.yelp.com/biz/lazy-susan-san-francisco-2,Lazy Susan,3.5,202,True,,,Chinese
https://www.yelp.com/biz/golden-coast-restaurant-san-francisco-2,Golden Coast Restaurant,3.5,195,True,$$,,"Dim Sum, Seafood, Cantonese"
https://www.yelp.com/biz/la-boulangerie-de-san-francisco-san-francisco-33,La Boulangerie de San Francisco,3.5,148,True,$$,,"Coffee & Tea, Bakeries, Breakfast & Brunch"
https://www.yelp.com/biz/royal-donuts-daly-city,Royal Donuts,3.5,144,True,$,,"Donuts, Coffee & Tea, Sandwiches"
https://www.yelp.com/biz/piqu%C3%ADn-sabor-de-casa-south-san-francisco-7,Piquín Sabor de Casa,3.5,136,True,$,,Mexican
https://www.yelp.com/biz/saap-thai-kitchen-south-san-francisco,Saap Thai Kitchen,3.5,120,True,,,"Thai, Noodles, Vegetarian"
https://www.yelp.com/biz/villa-del-sol-argentinian-restaurant-south-san-francisco,Villa Del Sol Argentinian Restaurant,3.5,117,True,$$,,"Latin American, Argentine"
https://www.yelp.com/biz/creightons-american-bakery-san-francisco,Creighton's American Bakery,3.5,101,True,$,,"Bakeries, Coffee & Tea, Breakfast & Brunch"
https://www.yelp.com/biz/restaurant-pupuseria-ilobasco-san-francisco,Restaurant Pupuseria Ilobasco,3.5,84,True,$$,,Salvadoran
https://www.yelp.com/biz/ygf-malatang-daly-city-2,YGF Malatang,3.5,79,True,,,"Hot Pot, Chinese, Soup"
https://www.yelp.com/biz/station-cafe-san-francisco,Station Cafe,3.5,65,True,$,,"Food Stands, Bagels, Sandwiches"
https://www.yelp.com/biz/joe-and-the-juice-san-francisco-11,JOE & THE JUICE,3.5,64,True,$$,,"Coffee & Tea, Juice Bars & Smoothies, Cafes"
https://www.yelp.com/biz/nenas-restaurant-san-francisco,Nena's Restaurant,3.5,56,True,$,,"Mexican, Salvadoran"
https://www.yelp.com/biz/taza-smoothies-and-wraps-san-francisco,Taza Smoothies & Wraps,3.5,53,True,$,,"Juice Bars & Smoothies, Wraps"
https://www.yelp.com/biz/midtown-market-brisbane,Midtown Market,3.5,40,True,$$$,,"Grocery, Meat Shops, Delis"
https://www.yelp.com/biz/the-brass-elephant-south-san-francisco-2,The Brass Elephant,3.5,35,True,$$,,New American
https://www.yelp.com/biz/costco-food-court-south-san-francisco-3,Costco Food Court,3.5,33,True,$,,Food Court
https://www.yelp.com/biz/chenery-market-san-francisco,Chenery Market,3.5,27,True,$$$,,"Grocery, Beer, Wine & Spirits, Delis"
https://www.yelp.com/biz/noodle-girl-san-francisco-2,Noodle Girl,3.5,15,True,,,"Vietnamese, Noodles, Caterers"
https://www.yelp.com/biz/julies-hot-dogs-san-francisco,Julie's Hot Dogs,3.5,12,True,$,,"Hot Dogs, Burgers"
https://www.yelp.com/biz/jailhouse-deli-and-liquors-and-bait-and-tackle-south-san-francisco,Jailhouse Deli & Liquors & Bait & Tackle,3.5,12,True,$$,,"Delis, Beer, Wine & Spirits"
https://www.yelp.com/biz/1945-lounge-san-francisco,1945 Lounge,3.5,6,True,,,"Breakfast & Brunch, Tacos, Lounges"
https://www.yelp.com/biz/origen-san-francisco-2,Origen,3.5,4,True,,,"Mexican, Empanadas"
https://www.yelp.com/biz/alfajores-peruvian-cookies-daly-city,Alfajores Peruvian Cookies,3.5,2,True,,,"Peruvian, Bakeries"
https://www.yelp.com/biz/koi-palace-daly-city,Koi Palace,3.4,3971,True,$$$,,"Dim Sum, Seafood, Cantonese"
https://www.yelp.com/biz/seniores-pizza-san-francisco-5,Seniores Pizza,3.4,1421,True,$,,"Pizza, Burgers, American"
https://www.yelp.com/biz/zante-pizza-and-indian-cuisine-san-francisco,Zante Pizza & Indian Cuisine,3.4,1187,True,$$,,"Pizza, Indian"
https://www.yelp.com/biz/wise-sons-jewish-deli-san-francisco-7,Wise Sons Jewish Deli,3.4,1184,True,$$,,"Delis, Bagels, Breakfast & Brunch"
https://www.yelp.com/biz/alamo-drafthouse-cinema-new-mission-san-francisco-2,Alamo Drafthouse Cinema New Mission,3.4,1143,True,$$,,"Bars, Cinema, Dinner Theater"
https://www.yelp.com/biz/el-toreador-restaurant-san-francisco-2,El Toreador Restaurant,3.4,1048,True,$$,,"Mexican, Desserts, Seafood"
https://www.yelp.com/biz/bonchon-south-san-francisco-7,Bonchon South San Francisco,3.4,890,True,$$,,"Chicken Wings, Korean, Asian Fusion"
https://www.yelp.com/biz/noriega-teriyaki-house-san-francisco,Noriega Teriyaki House,3.4,807,True,$$,,"Japanese, Sushi Bars"
https://www.yelp.com/biz/habit-burger-and-grill-daly-city,Habit Burger & Grill,3.4,802,True,$$,,"Burgers, Sandwiches, Salad"
https://www.yelp.com/biz/thai-satay-restaurant-and-bar-south-san-francisco-2,Thai Satay Restaurant & Bar,3.4,645,True,$$,,Thai
https://www.yelp.com/biz/ikes-love-and-sandwiches-daly-city-5,Ike's Love & Sandwiches,3.4,642,True,$$,,Sandwiches
https://www.yelp.com/biz/fort-mckinley-restaurant-bar-and-banquet-south-san-francisco,"Fort McKinley Restaurant, Bar & Banquet",3.4,577,True,$$,,"Dance Clubs, Lounges, Filipino"
https://www.yelp.com/biz/cafe-colma-colma,Cafe Colma,3.4,570,True,$$,,"Filipino, Chinese, American"
https://www.yelp.com/biz/sushi-house-san-bruno,Sushi House,3.4,539,True,$$,,"Japanese, Sushi Bars"
https://www.yelp.com/biz/pho-huynh-hiep-4-daly-city-3,Pho Huynh Hiep 4,3.4,535,True,$$,,"Vietnamese, Noodles, Seafood"
https://www.yelp.com/biz/la-mordida-taqueria-pacifica-3,La Mordida Taqueria,3.4,475,True,$$,,"Mexican, Seafood, Breakfast & Brunch"
https://www.yelp.com/biz/celias-mexican-restaurant-san-bruno-san-bruno,Celia's Mexican Restaurant - San Bruno,3.4,433,True,$$,,"Mexican, Sports Bars"
https://www.yelp.com/biz/hing-lung-san-bruno-3,Hing Lung,3.4,406,True,$$,,Chinese
https://www.yelp.com/biz/shihlin-taiwan-street-snacks-san-francisco-6,Shihlin Taiwan Street Snacks,3.4,323,True,$$,,"Taiwanese, Fast Food"
https://www.yelp.com/biz/mijouri-sushi-bune-san-bruno,Mijouri Sushi Bune,3.4,313,True,$$,,"Sushi Bars, Japanese"
https://www.yelp.com/biz/twin-peaks-pizza-and-pasta-san-francisco,Twin Peaks Pizza & Pasta,3.4,297,True,$$,,"Pizza, Italian"
https://www.yelp.com/biz/round-table-pizza-south-san-francisco-4,Round Table Pizza,3.4,279,True,$$,,Pizza
https://www.yelp.com/biz/raymonds-chinese-cuisine-pacifica,Raymond's Chinese Cuisine,3.4,273,True,$$,,Chinese
https://www.yelp.com/biz/oz-pizza-san-francisco-3,Oz Pizza,3.4,269,True,$,,"Pizza, Gluten-Free, Vegan"
https://www.yelp.com/biz/canton-dim-sum-and-seafood-restaurant-daly-city,Canton Dim Sum & Seafood Restaurant,3.4,256,True,$$,,"Dim Sum, Cantonese, Seafood"
https://www.yelp.com/biz/mar-y-mar-san-bruno,Mar Y Mar,3.4,209,True,$$,,"Mexican, Bars, Seafood"
https://www.yelp.com/biz/pasquales-pizza-san-francisco,Pasquale's Pizza,3.4,189,True,$$,,"Pizza, Italian"
https://www.yelp.com/biz/jin-gege-and-yao-yao-san-bruno,Jin Gege & Yao Yao,3.4,162,True,$$,,"Barbeque, Noodles, Chinese"
https://www.yelp.com/biz/manila-eatery-colma,Manila Eatery,3.4,150,True,$,,Filipino
https://www.yelp.com/biz/taqueria-dos-charros-daly-city,Taqueria Dos Charros,3.4,140,True,$$,,Mexican
https://www.yelp.com/biz/woohao-chinese-restaurant-daly-city,WooHao Chinese Restaurant,3.4,126,True,$$,,Chinese
https://www.yelp.com/biz/sharp-park-restaurant-pacifica,Sharp Park Restaurant,3.4,119,True,$$,,"American, Breakfast & Brunch"
https://www.yelp.com/biz/el-azteca-taqueria-san-francisco,El Azteca Taqueria,3.4,110,True,$$,,Mexican
https://www.yelp.com/biz/burnin-mouth-nashville-hot-chicken-daly-city,Burnin' Mouth Nashville Hot Chicken,3.4,95,True,,,"Burgers, Chicken Shop, American"
https://www.yelp.com/biz/las-palmeras-restaurant-san-francisco,Las Palmeras Restaurant,3.4,91,True,$,,"Mexican, Latin American"
https://www.yelp.com/biz/las-pencas-food-truck-south-san-francisco-2,Las Pencas Food Truck,3.4,89,True,,,"Food Trucks, Tacos, Seafood"
https://www.yelp.com/biz/el-valenciano-restaurant-and-bar-san-francisco,El Valenciano Restaurant & Bar,3.4,84,True,$$,,"Bars, Dance Clubs, Italian"
https://www.yelp.com/biz/tacos-san-buena-san-francisco-2,Tacos San Buena,3.4,71,True,$,,"Mexican, Food Trucks"
https://www.yelp.com/biz/house-of-dim-sum-san-francisco-2,House of Dim Sum,3.4,60,True,,,"Dim Sum, Bubble Tea, Noodles"
https://www.yelp.com/biz/the-village-market-and-pizza-at-sfsu-san-francisco,The Village Market & Pizza at SFSU,3.4,58,True,$,,"Pizza, Convenience Stores"
https://www.yelp.com/biz/hong-kong-bbq-san-francisco-2,Hong Kong BBQ,3.4,35,True,$,,Chinese
https://www.yelp.com/biz/dolores-park-sfo-san-francisco,Dolores Park SFO,3.4,32,True,,,"Cafes, Coffee Roasteries, Juice Bars & Smoothies"
https://www.yelp.com/biz/la-flor-de-izote-san-francisco-3,La Flor De Izote,3.4,25,True,,,"Mexican, Salvadoran"
https://www.yelp.com/biz/ks-premium-chicken-daly-city,KS Premium Chicken,3.4,24,True,$$,,Chicken Shop
https://www.yelp.com/biz/tikal-restaurante-y-panaderia-san-francisco,Tikal Restaurante Y Panaderia,3.4,18,True,,,"Bakeries, Breakfast & Brunch, Salad"
https://www.yelp.com/biz/china-express-and-donut-san-francisco,China Express & Donut,3.4,14,True,,,"Donuts, Chinese, Fast Food"
https://www.yelp.com/biz/cheung-hing-restaurant-san-francisco-3,Cheung Hing Restaurant,3.4,13,True,,,Dim Sum
https://www.yelp.com/biz/el-ranchito-taco-truck-san-bruno-2,El Ranchito Taco Truck,3.4,10,True,$,,"Food Stands, Mexican"
https://www.yelp.com/biz/kunugi-noodle-san-francisco,Kunugi Noodle,3.4,9,True,,,"Japanese, Noodles, Food Trucks"
https://www.yelp.com/biz/the-landing-south-san-francisco,The Landing,3.4,7,True,,,"Breakfast & Brunch, Tapas Bars"
https://www.yelp.com/biz/kan-woo-shun-vietnames-daly-city,Kan Woo Shun Vietnames,3.4,5,True,,,"Chinese, Sandwiches, Vietnamese"
https://www.yelp.com/biz/barneys-gourmet-hamburgers-san-francisco-2,Barney's Gourmet Hamburgers,3.3,932,True,$$,,"Burgers, Salad, American"
https://www.yelp.com/biz/hl-peninsula-restaurant-south-san-francisco-2,HL Peninsula Restaurant,3.3,817,True,$$$,,"Dim Sum, Seafood, Cantonese"
https://www.yelp.com/biz/pho-ha-tien-san-francisco,Pho Ha Tien,3.3,720,True,$$,,"Vietnamese, Noodles, Sandwiches"
https://www.yelp.com/biz/kura-revolving-sushi-bar-san-francisco-3,Kura Revolving Sushi Bar,3.3,585,True,,,"Sushi Bars, Seafood, Conveyor Belt Sushi"
https://www.yelp.com/biz/haystack-pizza-san-francisco,Haystack Pizza,3.3,532,True,$$,,"Pizza, Italian, Food Delivery Services"
https://www.yelp.com/biz/tams-cuisine-of-china-pacifica,Tam's Cuisine of China,3.3,441,True,$$,,"Beer, Wine & Spirits, Cantonese"
https://www.yelp.com/biz/oye-managua-san-francisco,Oye Managua,3.3,423,True,$$,,"Latin American, Nicaraguan"
https://www.yelp.com/biz/boudin-san-francisco-10,Boudin,3.3,395,True,$$,,"Bakeries, Sandwiches, Salad"
https://www.yelp.com/biz/mr-pickles-sandwich-shop-daly-city,Mr. Pickles Sandwich Shop,3.3,390,True,$,,Sandwiches
https://www.yelp.com/biz/pollo-campero-san-francisco,Pollo Campero,3.3,389,True,$$,,"Latin American, Salad, Chicken Shop"
https://www.yelp.com/biz/ono-hawaiian-bbq-colma,Ono Hawaiian BBQ,3.3,376,True,$$,,"Hawaiian, Barbeque, Seafood"
https://www.yelp.com/biz/casa-mexicana-san-francisco-36,Casa Mexicana,3.3,346,True,$,,Mexican
https://www.yelp.com/biz/goat-hill-pizza-west-portal-san-francisco,Goat Hill Pizza - West Portal,3.3,328,True,$,,"Pizza, Italian, Sandwiches"
https://www.yelp.com/biz/ming-yuan-restaurant-daly-city,Ming Yuan Restaurant,3.3,284,True,$$,,"Dim Sum, Seafood"
https://www.yelp.com/biz/s-and-e-cafe-san-francisco-2,S & E Cafe,3.3,264,True,$$,,"Chinese, Hong Kong Style Cafe"
https://www.yelp.com/biz/pho-1-san-francisco-2,Pho #1,3.3,249,True,$$,,"Vietnamese, Noodles"
https://www.yelp.com/biz/fung-wong-san-francisco-5,Fung Wong,3.3,244,True,$$,,Chinese
https://www.yelp.com/biz/joyful-kitchen-san-francisco-4,Joyful Kitchen,3.3,238,True,$$,,"Cantonese, Noodles, Chicken Wings"
https://www.yelp.com/biz/won-kok-restaurant-san-francisco,Won Kok Restaurant,3.3,226,True,$$,,Chinese
https://www.yelp.com/biz/hawaiian-drive-inn-san-francisco-2,Hawaiian Drive Inn,3.3,182,True,$,,Hawaiian
https://www.yelp.com/biz/el-faro-san-francisco-2,El Faro,3.3,179,True,$,,Mexican
https://www.yelp.com/biz/ikes-love-and-sandwiches-san-francisco-6,Ike's Love & Sandwiches,3.3,164,True,$$,,Sandwiches
https://www.yelp.com/biz/reinas-restaurant-san-francisco,Reinas Restaurant,3.3,161,True,$,,"Salvadoran, Mexican, Desserts"
https://www.yelp.com/biz/golden-moon-restaurant-daly-city,Golden Moon Restaurant,3.3,161,True,$$,,"Chinese, Asian Fusion"
https://www.yelp.com/biz/pacific-restaurant-daly-city-2,Pacific Restaurant,3.3,150,True,$,,"Chinese, Noodles"
https://www.yelp.com/biz/joe-and-the-juice-san-francisco-2,Joe & The Juice,3.3,150,True,$$,,"Juice Bars & Smoothies, Coffee & Tea, Sandwiches"
https://www.yelp.com/biz/rooster-and-rice-san-francisco-20,Rooster & Rice,3.3,138,True,$$,,"Chicken Shop, Thai, Food Court"
https://www.yelp.com/biz/mr-pizza-man-daly-city,Mr. Pizza Man,3.3,116,True,$$,,"Pizza, Italian, Brazilian"
https://www.yelp.com/biz/taco-bell-san-francisco-7,Taco Bell,3.3,101,True,$,,"Fast Food, Tacos"
https://www.yelp.com/biz/venice-pizza-san-francisco,Venice Pizza,3.3,87,True,$$,,Pizza
https://www.yelp.com/biz/costco-food-court-south-san-francisco,Costco Food Court,3.3,67,True,$,,"Pizza, Fast Food, Hot Dogs"
https://www.yelp.com/biz/restaurante-san-vicente-san-francisco-5,Restaurante San Vicente,3.3,46,True,$$,,"Salvadoran, Honduran"
https://www.yelp.com/biz/el-honduras-restaurant-san-francisco-3,El Honduras Restaurant,3.3,43,True,,,Honduran
https://www.yelp.com/biz/focaccia-south-san-francisco-3,Focaccia,3.3,38,True,$$,,"Salad, Breakfast & Brunch, Caterers"
https://www.yelp.com/biz/krispy-krunchy-chicken-south-san-francisco-2,Krispy Krunchy Chicken,3.3,30,True,,,"Breakfast & Brunch, Seafood, Chicken Wings"
https://www.yelp.com/biz/kusina-ni-javen-jesel-daly-city-2,Kusina Ni Javen Jesel,3.3,12,True,,,"Food Delivery Services, Filipino"
https://www.yelp.com/biz/safeway-south-san-francisco-7,Safeway,3.3,12,True,,,"Grocery, Beer, Wine & Spirits, Delis"
https://www.yelp.com/biz/saucy-dumplings-san-francisco-3,Saucy Dumplings,3.3,11,True,$,,"Food Stands, Chinese"
https://www.yelp.com/biz/renes-fine-dining-colma,Rene's Fine Dining,3.3,11,True,$$,,"Asian Fusion, Diners"
https://www.yelp.com/biz/kimmie-s-cafe-san-francisco-2,Kimmie’s Cafe,3.3,10,True,,,Cafes
https://www.yelp.com/biz/cocinita-nica-daly-city,Cocinita Nica,3.3,8,True,,,"Latin American, Nicaraguan"
https://www.yelp.com/biz/shish-ke-baba-daly-city,Shish Ke Baba,3.3,7,True,,,"Salad, Chicken Wings, Wraps"
https://www.yelp.com/biz/yo-kai-express-south-san-francisco-3,Yo-Kai Express,3.3,7,True,,,"Ramen, Vietnamese, Noodles"
https://www.yelp.com/biz/pupuseria-el-golazo-san-francisco,Pupuseria El Golazo,3.3,6,True,$,,Restaurants
https://www.yelp.com/biz/big-bear-tea-donut-and-chinese-food-san-francisco,Big Bear Tea Donut & Chinese Food,3.3,4,True,,,"Bubble Tea, Donuts, Chinese"
https://www.yelp.com/biz/xiao-xiao-buns-san-francisco-2,Xiao Xiao Buns,3.3,3,True,,,"Dim Sum, Food Stands"
https://www.yelp.com/biz/taco-stop-san-francisco,Taco Stop,3.3,3,True,$,,Mexican
https://www.yelp.com/biz/k-pop-bibimbap-san-francisco,K-Pop Bibimbap,3.3,3,True,,,"Korean, Asian Fusion"
https://www.yelp.com/biz/cooking-n-style-san-francisco-2,Cooking N Style,3.3,3,True,,,"Food Trucks, Cheesesteaks, Mexican"
https://www.yelp.com/biz/go-sushi-japanese-restaurant-pacifica,Go Sushi Japanese Restaurant,3.2,529,True,$$,,"Japanese, Sushi Bars"
https://www.yelp.com/biz/hkr-andys-restaurant-south-san-francisco-2,HKR Andy's Restaurant,3.2,504,True,$$,,Chinese
https://www.yelp.com/biz/mango-medley-san-francisco,Mango Medley,3.2,468,True,$$,,Asian Fusion
https://www.yelp.com/biz/toast-eatery-san-francisco-11,Toast Eatery,3.2,392,True,$$,,"Breakfast & Brunch, Sandwiches, American"
https://www.yelp.com/biz/extreme-pizza-alemany-san-francisco,Extreme Pizza - Alemany,3.2,304,True,$$,,"Pizza, Salad, Desserts"
https://www.yelp.com/biz/five-guys-south-san-francisco-2,Five Guys,3.2,292,True,$$,,"Burgers, Fast Food, Hot Dogs"
https://www.yelp.com/biz/mongkok-dim-sum-san-francisco,Mongkok Dim Sum,3.2,255,True,$,,"Dim Sum, Desserts"
https://www.yelp.com/biz/al-fin-daly-city-2,Al Fin,3.2,245,True,$$,,"Latin American, Nicaraguan"
https://www.yelp.com/biz/pupuseria-metapan-san-francisco,Pupuseria Metapan,3.2,208,True,$,,Salvadoran
https://www.yelp.com/biz/popeyes-louisiana-kitchen-san-francisco-5,Popeyes Louisiana Kitchen,3.2,205,True,$,,"Fast Food, Chicken Wings"
https://www.yelp.com/biz/aloha-bbq-san-francisco-2,Aloha BBQ,3.2,199,True,$,,"Hawaiian, Chinese, Barbeque"
https://www.yelp.com/biz/mama-mia-pizza-brisbane,Mama Mia Pizza,3.2,172,True,$$,,"Pizza, Burgers, Sandwiches"
https://www.yelp.com/biz/cafe-rosso-san-francisco,Cafe Rosso,3.2,153,True,$,,"Sandwiches, Cafes, Coffee & Tea"
https://www.yelp.com/biz/hiyaaa-south-san-francisco,Hiyaaa!,3.2,149,True,$,,"Food Trucks, Korean, Asian Fusion"
https://www.yelp.com/biz/park-plaza-fine-foods-san-francisco,Park Plaza Fine Foods,3.2,138,True,$$$$,,"Grocery, Delis"
https://www.yelp.com/biz/international-tofu-house-daly-city,International Tofu House,3.2,110,True,$$,,Korean
https://www.yelp.com/biz/new-mings-san-bruno-3,New Ming's,3.2,27,True,,,Chinese
https://www.yelp.com/biz/la-perla-de-oriente-daly-city,La Perla de Oriente,3.2,15,True,,,"Mexican, Seafood"
https://www.yelp.com/biz/the-bistro-south-san-francisco,The Bistro,3.2,10,True,$$,,"Lounges, New American"
https://www.yelp.com/biz/fruit-delights-san-bruno,Fruit Delights,3.2,10,True,,,Food Court
https://www.yelp.com/biz/wing-it-san-bruno,Wing It,3.2,9,True,,,"Chicken Wings, Desserts, Salad"
https://www.yelp.com/biz/vegan-mob-san-francisco-3,Vegan Mob,3.2,6,True,,,Vegan
https://www.yelp.com/biz/pizza-king-south-san-francisco-2,Pizza King,3.2,5,True,,,Pizza
https://www.yelp.com/biz/pick-4-wok-express-south-san-francisco,Pick 4 Wok Express,3.2,5,True,,,Chinese
https://www.yelp.com/biz/pho-huynh-hiep-kevin-s-noodle-house-daly-city,Pho Huynh Hiep - Kevin’s Noodle House,3.1,1479,True,$$,,"Vietnamese, Noodles, Seafood"
https://www.yelp.com/biz/smile-house-cafe-san-francisco,Smile House Cafe,3.1,862,True,$$,,"Desserts, Hong Kong Style Cafe, Fast Food"
https://www.yelp.com/biz/shaking-crab-daly-city,Shaking Crab,3.1,730,True,$$$,,"Cajun/Creole, Seafood"
https://www.yelp.com/biz/king-of-thai-noodle-cafe-san-francisco,King of Thai Noodle Cafe,3.1,728,True,$$,,"Thai, Noodles, Desserts"
https://www.yelp.com/biz/majikku-ramen-daly-city,Majikku Ramen,3.1,625,True,$$,,Japanese
https://www.yelp.com/biz/maxs-restaurant-south-san-francisco-south-san-francisco,Max's Restaurant - South San Francisco,3.1,571,True,$$,,"Filipino, Seafood, Breakfast & Brunch"
https://www.yelp.com/biz/yoshi-ramen-and-sushi-daly-city-5,Yoshi Ramen and Sushi,3.1,537,True,$$,,"Ramen, Sushi Bars"
https://www.yelp.com/biz/viva-italiano-pizzeria-and-restaurant-pacifica,Viva Italiano Pizzeria & Restaurant,3.1,508,True,$$,,"Pizza, Italian, Seafood"
https://www.yelp.com/biz/mr-fong-bbq-and-noodles-daly-city,Mr. Fong BBQ & Noodles,3.1,465,True,$$,,"Chinese, Barbeque, Noodles"
https://www.yelp.com/biz/primo-pizza-daly-city,Primo Pizza,3.1,456,True,$,,"Pizza, Sandwiches, Salad"
https://www.yelp.com/biz/spiral-japanese-restaurant-san-bruno,Spiral Japanese Restaurant,3.1,417,True,$$,,Japanese
https://www.yelp.com/biz/little-green-cyclo-south-san-francisco,Little Green Cyclo,3.1,388,True,$,,"Vietnamese, Food Trucks"
https://www.yelp.com/biz/north-beach-pizza-san-francisco,North Beach Pizza,3.1,351,True,$$,,"Pizza, Italian, Sandwiches"
https://www.yelp.com/biz/daly-buffet-daly-city,Daly Buffet,3.1,322,True,$$$,,"Buffets, Sushi Bars, Seafood"
https://www.yelp.com/biz/wingstop-south-san-francisco,Wingstop,3.1,317,True,$$,,Chicken Wings
https://www.yelp.com/biz/ichiban-sushi-san-bruno,Ichiban Sushi,3.1,277,True,$$,,Sushi Bars
https://www.yelp.com/biz/ngs-cooking-south-san-francisco,Ng's Cooking,3.1,276,True,$$,,Chinese
https://www.yelp.com/biz/north-beach-pizza-san-francisco-2,North Beach Pizza,3.1,256,True,$,,"Pizza, Italian, Sandwiches"
https://www.yelp.com/biz/oriental-seafood-restaurant-san-francisco,Oriental Seafood Restaurant,3.1,237,True,$$,,"Chinese, Seafood"
https://www.yelp.com/biz/wok-and-go-san-francisco,Wok & Go,3.1,225,True,$,,Chinese
https://www.yelp.com/biz/carls-jr-san-bruno,Carl's Jr,3.1,165,True,$$,,"Fast Food, Burgers"
https://www.yelp.com/biz/ocean-palace-san-bruno-2,Ocean Palace,3.1,153,True,$$,,Chinese
https://www.yelp.com/biz/jollibee-daly-city-4,Jollibee,3.1,138,True,$$,,"Chicken Shop, Fast Food"
https://www.yelp.com/biz/taqueria-girasol-san-francisco,Taqueria Girasol,3.1,85,True,$,,Mexican
https://www.yelp.com/biz/leaping-lemur-cafe-san-francisco,Leaping Lemur Cafe,3.1,68,True,$$,,"Pizza, Burgers, Sandwiches"
https://www.yelp.com/biz/montecristo-restaurant-san-francisco,Montecristo Restaurant,3.1,66,True,$,,"Salvadoran, Mexican"
https://www.yelp.com/biz/ch-imperial-garden-daly-city,CH Imperial Garden,3.1,47,True,,,"Dim Sum, Seafood"
https://www.yelp.com/biz/honduras-kitchen-san-francisco,Honduras Kitchen,3.1,45,True,,,"Honduran, Breakfast & Brunch, Soup"
https://www.yelp.com/biz/mama-mia-pizza-brisbane-3,Mama Mia Pizza,3.1,37,True,$$,,"Pizza, Seafood, American"
https://www.yelp.com/biz/papa-joes-italian-dinners-south-san-francisco,Papa Joe's Italian Dinners,3.1,18,True,$,,"Pizza, Italian, Tacos"
https://www.yelp.com/biz/grill-city-daly-city,Grill City,3.1,13,True,,,Filipino
https://www.yelp.com/biz/china-express-san-francisco,China Express,3.1,11,True,$,,Chinese
https://www.yelp.com/biz/dave-and-busters-daly-city-11,Dave & Buster's Daly City,3.0,1206,True,$$,,"American, Arcades, Sports Bars"
https://www.yelp.com/biz/ono-hawaiian-bbq-san-francisco-2,Ono Hawaiian BBQ,3.0,532,True,$$,,"Hawaiian, Barbeque"
https://www.yelp.com/biz/la-playa-taqueria-san-francisco,La Playa Taqueria,3.0,443,True,$$,,Mexican
https://www.yelp.com/biz/tastebuds-san-bruno,Tastebuds,3.0,410,True,$$,,"Filipino, Noodles, Breakfast & Brunch"
https://www.yelp.com/biz/red-bowl-noodles-daly-city,Red Bowl Noodles,3.0,388,True,$$,,"Chinese, Noodles"
https://www.yelp.com/biz/kukje-market-restaurant-daly-city,Kukje Market Restaurant,3.0,363,True,$$,,"Korean, Chicken Wings"
https://www.yelp.com/biz/raising-canes-chicken-fingers-colma-2,Raising Cane's Chicken Fingers,3.0,250,True,$$,,"Southern, Chicken Wings, Fast Food"
https://www.yelp.com/biz/jollibee-south-san-francisco,Jollibee,3.0,240,True,$,,"Chicken Shop, Fast Food"
https://www.yelp.com/biz/tsings-chinese-restaurant-san-francisco,Tsing's Chinese Restaurant,3.0,192,True,$$,,"Chinese, New American, Seafood"
https://www.yelp.com/biz/artichoke-joes-casino-san-bruno-5,Artichoke Joe's Casino,3.0,170,True,,,"Casinos, Sports Bars, American"
https://www.yelp.com/biz/smiling-bbq-san-bruno-5,Smiling BBQ,3.0,131,True,$$,,"Barbeque, Chinese"
https://www.yelp.com/biz/taqueria-miraloma-san-francisco,Taqueria Miraloma,3.0,122,True,$,,Mexican
https://www.yelp.com/biz/dim-sum-kitchen-san-francisco,Dim Sum Kitchen,3.0,92,True,$,,"Dim Sum, Cantonese, Buffets"
https://www.yelp.com/biz/popeyes-louisiana-kitchen-daly-city,Popeyes Louisiana Kitchen,3.0,83,True,$$,,"Fast Food, Chicken Wings"
https://www.yelp.com/biz/taqueria-la-iguana-azul-daly-city-daly-city,Taqueria La Iguana Azul - Daly City,3.0,70,True,,,Mexican
https://www.yelp.com/biz/kfc-san-francisco-28,KFC,3.0,58,True,$,,"Chicken Wings, Fast Food, Chicken Shop"
https://www.yelp.com/biz/taqueria-el-gran-amigo-daly-city,Taqueria El Gran Amigo,3.0,47,True,,,Mexican
https://www.yelp.com/biz/pinoy-handaan-express-daly-city,Pinoy Handaan Express,3.0,29,True,,,Filipino
https://www.yelp.com/biz/ensenada-restaurant-san-francisco-3,Ensenada Restaurant,3.0,27,True,,,"Latin American, Nicaraguan, Honduran"
https://www.yelp.com/biz/mi-lindo-honduras-san-francisco,Mi Lindo Honduras,3.0,15,True,,,"Honduran, Breakfast & Brunch, Soup"
https://www.yelp.com/biz/seoul-train-san-francisco,Seoul Train,3.0,5,True,,,Korean
https://www.yelp.com/biz/devos-cafe-daly-city,Devo's Cafe,3.0,4,True,$$,,"Breakfast & Brunch, American"
https://www.yelp.com/biz/michiba-kitchen-san-francisco,Michiba Kitchen,3.0,3,True,,,Ramen
https://www.yelp.com/biz/st-lukes-hospital-coffee-cart-san-francisco,St. Luke's Hospital Coffee Cart,3.0,3,True,,,"Coffee & Tea, Food Stands"
https://www.yelp.com/biz/hot-bod-bowls-san-francisco-2,Hot Bod Bowls,3.0,3,True,,,"Desserts, Salad"
https://www.yelp.com/biz/bonmi-san-francisco,BonMi,3.0,3,True,$,,"Coffee & Tea, Vietnamese, Sandwiches"
https://www.yelp.com/biz/sf-eats-san-francisco,SF Eats,3.0,3,True,,,"Bakeries, Coffee & Tea, Delis"
https://www.yelp.com/biz/chipotle-mexican-grill-south-san-francisco-2,Chipotle Mexican Grill,3.0,3,True,,,"Fast Food, Mexican"
https://www.yelp.com/biz/happy-dumplings-san-francisco-7,Happy Dumplings,3.0,2,True,,,"Chinese, Food Trucks"
https://www.yelp.com/biz/india-garden-san-francisco-2,India Garden,3.0,2,True,,,Indian
https://www.yelp.com/biz/ocean-blue-cafe-san-francisco,Ocean Blue Cafe,3.0,2,True,,,Cafes
https://www.yelp.com/biz/genji-sushi-san-francisco-5,Genji Sushi,3.0,2,True,,,"Sushi Bars, Japanese"
https://www.yelp.com/biz/red-rooster-taqueria-san-bruno,Red Rooster Taqueria,3.0,2,True,,,Mexican
https://www.yelp.com/biz/taqueria-terrace-cafe-san-francisco,Taqueria @ Terrace Cafe,3.0,1,True,,,Mexican
https://www.yelp.com/biz/pizza-hut-express-san-francisco,Pizza Hut Express,3.0,1,True,,,"Chicken Wings, Fast Food, Pizza"
https://www.yelp.com/biz/leonarias-san-francisco,Leonarias,3.0,1,True,,,"Mexican, Salvadoran"
https://www.yelp.com/biz/new-orleans-original-po-boys-san-francisco,New Orleans Original Po Boys,3.0,1,True,,,Restaurants
https://www.yelp.com/biz/crunchy-munchy-chicken-san-francisco,Crunchy Munchy Chicken,3.0,1,True,,,"Fast Food, Chicken Shop"
https://www.yelp.com/biz/la-espiga-de-oro-san-francisco-2,La Espiga De Oro,3.0,1,True,,,"Salvadoran, Mexican"
https://www.yelp.com/biz/pizza-hut-express-colma,Pizza Hut Express,3.0,1,True,,,"Chicken Wings, Fast Food, Pizza"
https://www.yelp.com/biz/koi-palace-daly-city-3,Koi Palace,3.0,1,True,,,Chinese
https://www.yelp.com/biz/woodys-chicago-style-hot-dog-san-bruno,Woody's Chicago Style Hot Dog,3.0,1,True,$,,Hot Dogs
https://www.yelp.com/biz/texas-bbq-san-bruno-2,Texas BBQ,3.0,1,True,,,Barbeque
https://www.yelp.com/biz/pronto-san-francisco-5,Pronto,3.0,1,True,,,Breakfast & Brunch
https://www.yelp.com/biz/black-bear-diner-colma-6,Black Bear Diner,2.9,1057,True,$$,,"Diners, Breakfast & Brunch, American"
https://www.yelp.com/biz/outback-steakhouse-daly-city,Outback Steakhouse,2.9,982,True,$$,,Steakhouses
https://www.yelp.com/biz/sky-cafe-daly-city,Sky Cafe,2.9,554,True,$$,,"Chinese, Breakfast & Brunch, Hong Kong Style Cafe"
https://www.yelp.com/biz/yama-sushi-san-francisco-san-francisco,Yama Sushi,2.9,496,True,$$,,"Sushi Bars, Ramen"
https://www.yelp.com/biz/el-faro-mexican-food-south-san-francisco,El Faro Mexican Food,2.9,489,True,$$,,Mexican
https://www.yelp.com/biz/popeyes-louisiana-kitchen-san-bruno,Popeyes Louisiana Kitchen,2.9,352,True,$$,,"Fast Food, Chicken Wings"
https://www.yelp.com/biz/cheung-hing-south-san-francisco,Cheung Hing,2.9,350,True,$$,,Chinese
https://www.yelp.com/biz/new-jumbo-seafood-restaurant-san-francisco,New Jumbo Seafood Restaurant,2.9,346,True,$$,,"Seafood, Cantonese"
https://www.yelp.com/biz/imperial-garden-seafood-restaurant-san-francisco,Imperial Garden Seafood Restaurant,2.9,285,True,$$,,Dim Sum
https://www.yelp.com/biz/papa-rays-pizza-daly-city-13,Papa Rays Pizza,2.9,180,True,$$,,"Pizza, Pasta Shops, Chicken Wings"
https://www.yelp.com/biz/panda-express-san-francisco-10,Panda Express,2.9,140,True,$,,"Chinese, Fast Food"
https://www.yelp.com/biz/tung-sing-restaurant-san-francisco,Tung Sing Restaurant,2.9,113,True,$,,Chinese
https://www.yelp.com/biz/la-salsa-san-bruno,La Salsa,2.9,111,True,$,,Mexican
https://www.yelp.com/biz/ying-hui-chinese-restaurant-san-francisco,Ying Hui Chinese Restaurant,2.9,82,True,$,,Chinese
https://www.yelp.com/biz/rinconcito-salvadoreno-san-francisco,Rinconcito Salvadoreno,2.9,76,True,$$,,Salvadoran
https://www.yelp.com/biz/subway-san-francisco-134,Subway,2.9,73,True,$,,"Fast Food, Sandwiches"
https://www.yelp.com/biz/silverstone-cafe-san-francisco,Silverstone Cafe,2.9,70,True,$,,"Coffee & Tea, Sandwiches, Juice Bars & Smoothies"
https://www.yelp.com/biz/ccsf-city-cafe-san-francisco,CCSF City Cafe,2.9,47,True,$,,Cafes
https://www.yelp.com/biz/lunch-box-san-francisco-2,Lunch Box,2.9,40,True,$,,Fast Food
https://www.yelp.com/biz/carls-jr-south-san-francisco-3,Carl's Jr,2.9,38,True,$,,"Fast Food, Burgers"
https://www.yelp.com/biz/taco-mania-san-francisco,Taco Mania,2.9,34,True,,,Tacos
https://www.yelp.com/biz/da-s-f-c-san-francisco,Da S.F.C,2.9,15,True,,,Korean
https://www.yelp.com/biz/cafe-buena-vista-san-francisco,Cafe Buena Vista,2.9,11,True,,,"Spanish, Basque"
https://www.yelp.com/biz/proposition-chicken-at-local-kitchens-san-bruno,Proposition Chicken at Local Kitchens,2.9,10,True,,,"Chicken Shop, American, Sandwiches"
https://www.yelp.com/biz/pho-saigon-south-san-francisco-6,Pho Saigon,2.8,926,True,$$,,"Vietnamese, Noodles, Salad"
https://www.yelp.com/biz/red-lobster-san-bruno,Red Lobster,2.8,916,True,$$,,"Seafood, American"
https://www.yelp.com/biz/jollibee-daly-city,Jollibee,2.8,860,True,$$,,"Fast Food, Chicken Shop"
https://www.yelp.com/biz/perrys-san-francisco-8,Perry's,2.8,625,True,$$,,"American, Breakfast & Brunch, Sandwiches"
https://www.yelp.com/biz/el-zocalo-restaurant-south-san-francisco,El Zocalo Restaurant,2.8,495,True,$$,,Salvadoran
https://www.yelp.com/biz/l-and-l-hawaiian-barbecue-san-bruno,L&L Hawaiian Barbecue,2.8,279,True,$$,,"Barbeque, Hawaiian"
https://www.yelp.com/biz/shake-shack-stonestown-galleria-san-francisco-3,Shake Shack Stonestown Galleria,2.8,274,True,$$,,"Burgers, Fast Food, Ice Cream & Frozen Yogurt"
https://www.yelp.com/biz/taqueria-la-iguana-azul-san-francisco,Taqueria La Iguana Azul,2.8,239,True,$,,Mexican
https://www.yelp.com/biz/papa-johns-pizza-san-francisco-4,Papa Johns Pizza,2.8,218,True,$$,,"Pizza, Chicken Wings, Fast Food"
https://www.yelp.com/biz/chowking-south-san-francisco-5,Chowking,2.8,187,True,$,,"Fast Food, Chinese, Noodles"
https://www.yelp.com/biz/papa-johns-pizza-san-bruno,Papa Johns Pizza,2.8,160,True,$,,"Pizza, Chicken Wings, Fast Food"
https://www.yelp.com/biz/little-caesars-pizza-san-francisco-2,Little Caesars Pizza,2.8,135,True,$,,"Pizza, Chicken Wings"
https://www.yelp.com/biz/panda-express-colma-2,Panda Express,2.8,121,True,$$,,"Chinese, Fast Food"
https://www.yelp.com/biz/panda-express-daly-city-6,Panda Express,2.8,91,True,$$,,"Chinese, Fast Food"
https://www.yelp.com/biz/seafood-city-supermarket-daly-city-2,Seafood City Supermarket,2.8,89,True,,,"Seafood Markets, Filipino, International Grocery"
https://www.yelp.com/biz/holy-cluck-san-francisco,Holy Cluck,2.8,21,True,,,Chicken Wings
https://www.yelp.com/biz/las-catrachitas-restaurant-san-francisco,Las Catrachitas Restaurant,2.8,9,True,,,"Honduran, Breakfast & Brunch, Bars"
https://www.yelp.com/biz/crispy-town-south-san-francisco-3,Crispy Town,2.8,9,True,,,Filipino
https://www.yelp.com/biz/san-francisco-general-cafe-nightingales-san-francisco,San Francisco General Cafe Nightingales,2.8,8,True,,,Cafes
https://www.yelp.com/biz/wings-out-daly-city,Wings Out,2.8,4,True,,,"Food Delivery Services, Chicken Wings"
https://www.yelp.com/biz/taqueria-la-laguna-south-san-francisco,Taqueria La Laguna,2.8,4,True,,,"Salvadoran, Food Trucks, Mexican"
https://www.yelp.com/biz/red-robin-gourmet-burgers-and-brews-san-bruno,Red Robin Gourmet Burgers and Brews,2.7,1204,True,$$,,"American, Burgers, Chicken Wings"
https://www.yelp.com/biz/celias-mexican-restaurant-daly-city,Celia's Mexican Restaurant,2.7,687,True,$$,,"Mexican, Bars"
https://www.yelp.com/biz/tomokazu-japanese-cuisine-south-san-francisco,Tomokazu Japanese Cuisine,2.7,549,True,$$,,Japanese
https://www.yelp.com/biz/panera-bread-daly-city,Panera Bread,2.7,482,True,$$,,"Salad, Soup, Sandwiches"
https://www.yelp.com/biz/1300-on-fillmore-san-francisco-3,1300 on Fillmore,2.7,167,True,$$$,,"Salad, Breakfast & Brunch, Sandwiches"
https://www.yelp.com/biz/tokyo-grill-daly-city,Tokyo Grill,2.7,145,True,$,,"Chinese, Japanese"
https://www.yelp.com/biz/round-table-pizza-south-san-francisco-5,Round Table Pizza,2.7,123,True,$$,,Pizza
https://www.yelp.com/biz/wendys-san-bruno,Wendy's,2.7,95,True,$,,"Fast Food, Burgers"
https://www.yelp.com/biz/christys-donuts-brisbane,Christy's Donuts,2.7,67,True,$,,"Donuts, Bagels, Sandwiches"
https://www.yelp.com/biz/subway-brisbane-21,Subway,2.7,54,True,$,,"Fast Food, Sandwiches"
https://www.yelp.com/biz/subway-south-san-francisco-12,Subway,2.7,44,True,$,,"Fast Food, Sandwiches"
https://www.yelp.com/biz/charter-oak-food-pick-up-san-francisco,Charter Oak Food Pick-Up,2.7,21,True,,,"Pop-Up Restaurants, Tacos, Fast Food"
https://www.yelp.com/biz/sf-david-roasted-whole-lamb-san-francisco,SF David Roasted Whole Lamb,2.7,3,True,,,"Barbeque, Food Delivery Services"
https://www.yelp.com/biz/bjs-restaurant-and-brewhouse-san-bruno,BJ's Restaurant & Brewhouse,2.6,2984,True,$$,,"American, Pizza, Brewpubs"
https://www.yelp.com/biz/chilis-san-bruno-2,Chili's,2.6,1072,True,$$,,"American, Tex-Mex, Bars"
https://www.yelp.com/biz/porridge-king-daly-city,Porridge King,2.6,729,True,$$,,"Cantonese, Seafood, Noodles"
https://www.yelp.com/biz/sizzler-colma,Sizzler,2.6,479,True,$$,,"Seafood, Steakhouses, American"
https://www.yelp.com/biz/dennys-south-san-francisco-4,Denny's,2.6,476,True,$$,,"American, Diners, Breakfast & Brunch"
https://www.yelp.com/biz/chick-fil-a-daly-city-2,Chick-fil-A,2.6,425,True,$$,,"Fast Food, Chicken Shop, Salad"
https://www.yelp.com/biz/andale-mexican-restaurant-san-francisco-4,Andale Mexican Restaurant,2.6,357,True,$$,,Mexican
https://www.yelp.com/biz/quickly-san-bruno,Quickly,2.6,278,True,$,,"Juice Bars & Smoothies, Asian Fusion, Bubble Tea"
https://www.yelp.com/biz/ichi-ramen-san-bruno,Ichi Ramen,2.6,273,True,$$,,"Ramen, Noodles"
https://www.yelp.com/biz/round-table-pizza-colma-3,Round Table Pizza,2.6,237,True,$$,,"Pizza, Chicken Wings, Sandwiches"
https://www.yelp.com/biz/carls-jr-daly-city,Carl's Jr,2.6,226,True,$$,,"Burgers, Fast Food"
https://www.yelp.com/biz/the-honey-baked-ham-company-colma,The Honey Baked Ham Company,2.6,219,True,$$,,"Meat Shops, Delis, American"
https://www.yelp.com/biz/goldilocks-south-san-francisco-4,Goldilocks,2.6,216,True,$$,,"Filipino, Bakeries"
https://www.yelp.com/biz/dogpatch-bakehouse-and-caff%C3%A9-san-francisco-3,Dogpatch Bakehouse & Caffé,2.6,192,True,$$,,"Salad, Sandwiches, Cafes"
https://www.yelp.com/biz/h-and-l-cafe-san-francisco,H & L Cafe,2.6,180,True,$$,,"Chinese, Hong Kong Style Cafe"
https://www.yelp.com/biz/mr-pizza-man-san-francisco-2,Mr. Pizza Man,2.6,176,True,$,,Pizza
https://www.yelp.com/biz/seafood-city-supermarket-south-san-francisco,Seafood City Supermarket,2.6,167,True,$$,,"Filipino, Seafood Markets, International Grocery"
https://www.yelp.com/biz/sarku-japan-san-bruno,Sarku Japan,2.6,145,True,$,,"Japanese, Sushi Bars"
https://www.yelp.com/biz/ledu-restaurant-pacifica,Ledu Restaurant,2.6,122,True,$,,"Burmese, Chinese, Buffets"
https://www.yelp.com/biz/round-table-pizza-san-francisco-2,Round Table Pizza,2.6,108,True,$$,,Pizza
https://www.yelp.com/biz/togos-sandwiches-south-san-francisco-3,TOGO'S Sandwiches,2.6,105,True,$,,"Delis, Fast Food, Sandwiches"
https://www.yelp.com/biz/panda-express-san-bruno-4,Panda Express,2.6,98,True,$,,"Chinese, Fast Food"
https://www.yelp.com/biz/taco-bell-san-francisco-19,Taco Bell,2.6,97,True,$,,"Fast Food, Tacos"
https://www.yelp.com/biz/great-steak-daly-city,Great Steak,2.6,81,True,$,,"Sandwiches, Cheesesteaks"
https://www.yelp.com/biz/las-palmas-super-burrito-and-seafood-san-francisco,Las Palmas Super Burrito & Seafood,2.6,75,True,$$,,"Seafood, Mexican, Fast Food"
https://www.yelp.com/biz/wingstop-san-francisco-3,Wingstop,2.6,57,True,,,Chicken Wings
https://www.yelp.com/biz/club-maharlika-daly-city,Club Maharlika,2.6,39,True,$$,,"Filipino, Imported Food, Wine Bars"
https://www.yelp.com/biz/subway-san-francisco-146,Subway,2.6,33,True,$,,"Sandwiches, Fast Food"
https://www.yelp.com/biz/vegan-wonderland-san-francisco-2,Vegan Wonderland,2.6,19,True,,,"Pizza, Vegan"
https://www.yelp.com/biz/buffalo-wild-wings-san-francisco-2,Buffalo Wild Wings,2.6,10,True,,,"Chicken Wings, Sports Bars, American"
https://www.yelp.com/biz/roasting-plant-coffee-san-francisco-2,Roasting Plant Coffee,2.6,8,True,,,"Coffee Roasteries, Wraps, Desserts"
https://www.yelp.com/biz/torino-san-francisco-3,Torino,2.6,5,True,$,,"Grocery, Pizza, Fast Food"
https://www.yelp.com/biz/dogpatch-san-francisco-7,Dogpatch,2.6,5,True,,,"Coffee & Tea, Salad, Sandwiches"
https://www.yelp.com/biz/chipotle-mexican-grill-daly-city-2,Chipotle Mexican Grill,2.5,575,True,$$,,"Mexican, Fast Food"
https://www.yelp.com/biz/ihop-daly-city,IHOP,2.5,447,True,$$,,"Breakfast & Brunch, American, Burgers"
https://www.yelp.com/biz/dogpatch-bakehouse-and-caffe-san-francisco-4,Dogpatch Bakehouse & Caffe,2.5,331,True,$$,,"Cafes, Salad, Sandwiches"
https://www.yelp.com/biz/golden-wok-san-francisco,Golden Wok,2.5,309,True,$,,Chinese
https://www.yelp.com/biz/popeyes-louisiana-kitchen-colma,Popeyes Louisiana Kitchen,2.5,300,True,$$,,"Fast Food, Chicken Wings"
https://www.yelp.com/biz/wendys-daly-city,Wendy's,2.5,242,True,$,,"Burgers, Fast Food"
https://www.yelp.com/biz/wingstop-colma,Wingstop,2.5,134,True,,,Chicken Wings
https://www.yelp.com/biz/kfc-san-francisco-27,KFC,2.5,130,True,$,,"Fast Food, Chicken Wings, Chicken Shop"
https://www.yelp.com/biz/great-steak-san-francisco-3,Great Steak,2.5,96,True,$$,,"Sandwiches, Cheesesteaks"
https://www.yelp.com/biz/subway-san-francisco-43,Subway,2.5,82,True,$,,"Sandwiches, Fast Food"
https://www.yelp.com/biz/thi%C3%AAn-l%C3%BD-south-san-francisco,Thiên Lý,2.5,48,True,,,Vietnamese
https://www.yelp.com/biz/quickly-san-francisco-21,Quickly,2.5,30,True,$,,"Bubble Tea, Asian Fusion, Desserts"
https://www.yelp.com/biz/china-express-deli-san-francisco,China Express Deli,2.5,29,True,$,,"Chinese, Fast Food, Delis"
https://www.yelp.com/biz/two-fifty-restaurant-south-san-francisco,Two Fifty Restaurant,2.5,21,True,$$,,New American
https://www.yelp.com/biz/quickly-daly-city-6,Quickly,2.5,8,True,,,"Bubble Tea, Chicken Shop"
https://www.yelp.com/biz/kamin-thai-fried-chicken-san-francisco-2,Kamin Thai Fried Chicken,2.5,8,True,,,Thai
https://www.yelp.com/biz/sizzle-daly-city,Sizzle,2.5,4,True,,,"Filipino, Seafood"
https://www.yelp.com/biz/cajun-fried-chicken-san-francisco,Cajun Fried Chicken,2.5,2,True,,,"Cajun/Creole, Food Delivery Services"
https://www.yelp.com/biz/aji-peruvian-cuisine-hayward,Aji Peruvian Cuisine,2.5,2,True,,,"Peruvian, Food Stands"
https://www.yelp.com/biz/la-mission-pizzeria-san-francisco,La Mission Pizzeria,2.5,2,True,,,"Pizza, Salad, Pasta Shops"
https://www.yelp.com/biz/green-leafs-daly-city-2,Green Leaf's,2.5,2,True,,,"Salad, Wraps, Sandwiches"
https://www.yelp.com/biz/serramonte-center-harvest-food-court-daly-city,Serramonte Center Harvest Food Court,2.5,2,True,$$,,Food Court
https://www.yelp.com/biz/chuck-e-cheese-san-bruno,Chuck E. Cheese,2.4,311,True,$$,,"Pizza, Arcades, Kids Activities"
https://www.yelp.com/biz/round-table-pizza-san-francisco-4,Round Table Pizza,2.4,290,True,$$,,Pizza
https://www.yelp.com/biz/ihop-san-bruno,IHOP,2.4,232,True,$$,,"Breakfast & Brunch, American, Burgers"
https://www.yelp.com/biz/popeyes-louisiana-kitchen-south-san-francisco,Popeyes Louisiana Kitchen,2.4,168,True,$,,"Fast Food, Chicken Wings"
https://www.yelp.com/biz/jack-in-the-box-south-san-francisco-2,Jack in the Box,2.4,137,True,$,,"Burgers, Fast Food, Tacos"
https://www.yelp.com/biz/pampangas-cuisine-daly-city,Pampanga's Cuisine,2.4,84,True,$,,"Filipino, Barbeque"
https://www.yelp.com/biz/subway-san-francisco-133,Subway,2.4,45,True,$,,"Sandwiches, Fast Food"
https://www.yelp.com/biz/little-skillet-san-francisco-5,Little Skillet,2.4,32,True,,,"Sandwiches, Breakfast & Brunch, Soul Food"
https://www.yelp.com/biz/little-joes-pizza-daly-city,Little Joe's Pizza,2.4,5,True,,,Pizza
https://www.yelp.com/biz/la-colonia-san-francisco,La Colonia,2.4,5,True,,,"Coffee & Tea, Sandwiches"
https://www.yelp.com/biz/ihop-south-san-francisco-2,IHOP,2.3,397,True,$$,,"Breakfast & Brunch, American, Burgers"
https://www.yelp.com/biz/burger-king-san-francisco-7,Burger King,2.3,96,True,$,,"Burgers, Fast Food"
https://www.yelp.com/biz/subway-daly-city-17,Subway,2.3,61,True,$,,"Sandwiches, Fast Food"
https://www.yelp.com/biz/wingstop-daly-city-2,Wingstop,2.3,22,True,,,Chicken Wings
https://www.yelp.com/biz/burger-king-san-bruno-3,Burger King,2.3,16,True,$,,Burgers
https://www.yelp.com/biz/pizzaoki-san-francisco-2,Pizzaoki,2.3,11,True,,,"Desserts, Chicken Wings, Pizza"
https://www.yelp.com/biz/the-big-melt-san-francisco-2,The Big Melt,2.3,4,True,,,"Food Delivery Services, Sandwiches"
https://www.yelp.com/biz/five-guys-san-francisco,Five Guys,2.3,4,True,,,"Hot Dogs, Fast Food, Burgers"
https://www.yelp.com/biz/wham-bam-burrito-san-francisco-3,Wham! Bam! Burrito!,2.3,3,True,,,Mexican
https://www.yelp.com/biz/sohos-22nd-san-francisco,Soho's - 22nd,2.3,3,True,,,"Food Delivery Services, Chicken Wings, Pizza"
https://www.yelp.com/biz/rib-pire-san-francisco,Rib Pire,2.3,3,True,,,"New American, Barbeque, Chicken Wings"
https://www.yelp.com/biz/taqueria-girasol-la-paz-san-francisco,Taqueria Girasol La Paz,2.3,3,True,$$,,Mexican
https://www.yelp.com/biz/mountain-mikes-pizza-coming-soon-daly-city,Mountain Mike's Pizza - Coming Soon,2.3,3,True,,,"Chicken Wings, Pizza"
https://www.yelp.com/biz/the-burger-den-south-san-francisco,The Burger Den,2.3,3,True,,,"Food Delivery Services, Burgers, American"
https://www.yelp.com/biz/chipotle-mexican-grill-san-francisco-5,Chipotle Mexican Grill,2.2,272,True,$,,"Fast Food, Mexican"
https://www.yelp.com/biz/mcdonalds-san-francisco-2,McDonald's,2.2,149,True,$,,"Fast Food, Burgers, Coffee & Tea"
https://www.yelp.com/biz/round-table-pizza-daly-city-2,Round Table Pizza,2.2,144,True,$$,,Pizza
https://www.yelp.com/biz/mcdonalds-pacifica-3,McDonald's,2.2,135,True,$,,"Fast Food, Burgers, Coffee & Tea"
https://www.yelp.com/biz/grill-city-south-san-francisco-9,Grill City,2.2,126,True,$,,"Fast Food, Filipino, Barbeque"
https://www.yelp.com/biz/burger-king-san-bruno,Burger King,2.2,98,True,$,,"Burgers, Fast Food"
https://www.yelp.com/biz/dominos-pizza-daly-city-2,Domino's Pizza,2.2,90,True,$,,Pizza
https://www.yelp.com/biz/city-eats-dining-center-san-francisco,City Eats Dining Center,2.2,48,True,$,,Diners
https://www.yelp.com/biz/krispy-rice-san-francisco-3,Krispy Rice,2.2,31,True,,,"Sushi Bars, Food Delivery Services"
https://www.yelp.com/biz/cafe-playfield-san-francisco,Cafe Playfield,2.2,6,True,$,,Cafes
https://www.yelp.com/biz/terrace-caf%C3%A9-san-francisco-4,Terrace Café,2.2,5,True,$$,,American
https://www.yelp.com/biz/la-torta-ahogada-daly-city,La Torta Ahogada,2.2,5,True,$$,,Mexican
https://www.yelp.com/biz/wingstop-daly-city,Wingstop,2.1,863,True,$$,,Chicken Wings
https://www.yelp.com/biz/chipotle-mexican-grill-colma-3,Chipotle Mexican Grill,2.1,526,True,$,,"Mexican, Fast Food"
https://www.yelp.com/biz/noahs-bagels-san-francisco-3,Noah's Bagels,2.1,430,True,$,,"Bagels, Breakfast & Brunch, Sandwiches"
https://www.yelp.com/biz/quickly-daly-city-5,Quickly,2.1,422,True,$,,"Asian Fusion, Bubble Tea, Chicken Shop"
https://www.yelp.com/biz/chipotle-mexican-grill-san-francisco-14,Chipotle Mexican Grill,2.1,329,True,$$,,"Mexican, Fast Food"
https://www.yelp.com/biz/king-sun-buffet-south-san-francisco,King Sun Buffet,2.1,305,True,$$,,"Buffets, Chinese, Barbeque"
https://www.yelp.com/biz/jack-in-the-box-san-francisco-5,Jack in the Box,2.1,169,True,$,,"Burgers, Fast Food, Tacos"
https://www.yelp.com/biz/manila-bay-cuisine-2-daly-city,Manila Bay Cuisine 2,2.1,131,True,$,,Filipino
https://www.yelp.com/biz/jack-in-the-box-daly-city,Jack in the Box,2.1,125,True,$,,"Fast Food, Burgers, Tacos"
https://www.yelp.com/biz/subway-san-bruno-4,Subway,2.1,112,True,$,,"Sandwiches, Fast Food"
https://www.yelp.com/biz/wendys-south-san-francisco-3,Wendy's,2.1,75,True,$,,"Fast Food, Burgers"
https://www.yelp.com/biz/deli-up-cafe-san-francisco-2,Deli Up Cafe,2.1,66,True,$$,,Delis
https://www.yelp.com/biz/villa-italian-kitchen-daly-city,Villa Fresh Italian Kitchen,2.1,57,True,$,,"Pizza, Italian"
https://www.yelp.com/biz/subway-daly-city-16,Subway,2.1,55,True,$,,"Sandwiches, Fast Food"
https://www.yelp.com/biz/genentech-cafeteria-south-san-francisco,Genentech Cafeteria,2.1,10,True,,,Cafes
https://www.yelp.com/biz/mcdonalds-south-san-francisco-2,McDonald's,2.0,343,True,$,,"Fast Food, Burgers, Coffee & Tea"
https://www.yelp.com/biz/quickly-south-san-francisco-3,Quickly,2.0,296,True,$,,"Bubble Tea, Asian Fusion, Juice Bars & Smoothies"
https://www.yelp.com/biz/taco-bell-daly-city-4,Taco Bell,2.0,219,True,$$,,"Fast Food, Tacos"
https://www.yelp.com/biz/little-caesars-daly-city,Little Caesars,2.0,201,True,$,,"Pizza, Chicken Wings"
https://www.yelp.com/biz/dominos-pizza-pacifica,Domino's Pizza,2.0,143,True,$,,"Pizza, Chicken Wings, Sandwiches"
https://www.yelp.com/biz/kfc-daly-city-4,KFC,2.0,130,True,$,,"Fast Food, Chicken Wings, Chicken Shop"
https://www.yelp.com/biz/mcdonalds-daly-city-5,McDonald's,2.0,110,True,$,,"Fast Food, Burgers, Coffee & Tea"
https://www.yelp.com/biz/taco-bell-daly-city-8,Taco Bell,2.0,110,True,$,,"Fast Food, Tacos"
https://www.yelp.com/biz/mcdonalds-san-francisco-3,McDonald's,2.0,87,True,$,,"Fast Food, Burgers, Coffee & Tea"
https://www.yelp.com/biz/subway-colma-4,Subway,2.0,60,True,$,,"Sandwiches, Fast Food"
https://www.yelp.com/biz/thai-power-daly-city-2,Thai Power,2.0,47,True,$,,"Thai, Bars, Karaoke"
https://www.yelp.com/biz/mrbeast-burger-san-francisco-3,MrBeast Burger,2.0,29,True,,,"Food Delivery Services, Burgers"
https://www.yelp.com/biz/taste-restaurant-south-san-francisco,Taste Restaurant,2.0,3,True,,,"Comfort Food, Cocktail Bars"
https://www.yelp.com/biz/ocean-queen-usa-south-san-francisco,Ocean Queen USA,2.0,3,True,,,Seafood
https://www.yelp.com/biz/pasquallys-pizza-and-wings-san-bruno,Pasqually's Pizza & Wings,2.0,1,True,,,"Food Delivery Services, Chicken Wings, Pizza"
https://www.yelp.com/biz/dominos-pizza-san-francisco,Domino's Pizza,1.9,326,True,$,,"Pizza, Chicken Wings, Sandwiches"
https://www.yelp.com/biz/mcdonalds-south-san-francisco,McDonald's,1.9,227,True,$,,"Burgers, Fast Food, Coffee & Tea"
https://www.yelp.com/biz/dominos-pizza-south-san-francisco,Domino's Pizza,1.9,189,True,$,,"Pizza, Chicken Wings, Sandwiches"
https://www.yelp.com/biz/round-table-pizza-daly-city,Round Table Pizza,1.9,156,True,$$,,Pizza
https://www.yelp.com/biz/jack-in-the-box-south-san-francisco,Jack in the Box,1.9,122,True,$,,"Burgers, Fast Food, Tacos"
https://www.yelp.com/biz/burger-king-san-francisco-2,Burger King,1.9,105,True,$,,"Fast Food, Burgers"
https://www.yelp.com/biz/kfc-south-san-francisco-5,KFC,1.9,50,True,$,,"Fast Food, Chicken Wings, Chicken Shop"
https://www.yelp.com/biz/little-caesars-pizza-san-francisco-3,Little Caesars Pizza,1.9,9,True,,,"Pizza, Chicken Wings"
https://www.yelp.com/biz/mcdonalds-san-francisco-33,McDonald's,1.8,342,True,$,,"Fast Food, Burgers, Coffee & Tea"
https://www.yelp.com/biz/taco-bell-south-san-francisco,Taco Bell,1.8,335,True,$,,"Fast Food, Tacos"
https://www.yelp.com/biz/burger-king-daly-city,Burger King,1.8,272,True,$,,"Fast Food, Burgers"
https://www.yelp.com/biz/dominos-pizza-san-francisco-4,Domino's Pizza,1.8,253,True,$,,"Pizza, Chicken Wings, Sandwiches"
https://www.yelp.com/biz/burger-king-colma,Burger King,1.8,215,True,$$,,"Fast Food, Burgers"
https://www.yelp.com/biz/mcdonalds-south-san-francisco-3,McDonald's,1.8,168,True,$,,"Fast Food, Burgers, Coffee & Tea"
https://www.yelp.com/biz/mcdonalds-san-francisco,McDonald's,1.8,119,True,$,,"Fast Food, Burgers, Coffee & Tea"
https://www.yelp.com/biz/taco-bell-daly-city-5,Taco Bell / KFC,1.8,63,True,$,,"Fast Food, Tacos"
https://www.yelp.com/biz/green-salsa-san-bruno,Green Salsa,1.8,36,True,$,,Mexican
https://www.yelp.com/biz/subway-south-san-francisco-11,Subway,1.8,34,True,$,,"Sandwiches, Fast Food"
https://www.yelp.com/biz/auntie-annes-daly-city-3,Auntie Anne's,1.8,5,True,,,"Pretzels, Desserts, Fast Food"
https://www.yelp.com/biz/dominos-pizza-daly-city,Domino's Pizza,1.7,290,True,$,,"Pizza, Chicken Wings, Sandwiches"
https://www.yelp.com/biz/kfc-daly-city-5,KFC,1.7,66,True,$,,"Fast Food, Chicken Wings, Chicken Shop"
https://www.yelp.com/biz/taco-bell-south-san-francisco-2,Taco Bell,1.7,51,True,$,,"Fast Food, Tacos"
https://www.yelp.com/biz/mcdonalds-daly-city,McDonald's,1.6,383,True,$$,,"Fast Food, Burgers, Coffee & Tea"
https://www.yelp.com/biz/mcdonalds-daly-city-2,McDonald's,1.6,323,True,$$,,"Fast Food, Burgers, Coffee & Tea"
https://www.yelp.com/biz/skyline-college-cafeteria-san-bruno,Skyline College Cafeteria,1.6,16,True,$,,Cafes
https://www.yelp.com/biz/grubstake-burgers-and-breakfast-san-francisco-5,Grubstake Burgers and Breakfast,1.5,4,True,,,"Food Delivery Services, Burgers"
https://www.yelp.com/biz/kellys-deli-colma-3,Kellys Deli,1.5,2,True,,,Delis
https://www.yelp.com/biz/grilled-cheese-society-san-francisco,Grilled Cheese Society,1.0,5,True,,,"Food Delivery Services, American, Sandwiches"
https://www.yelp.com/biz/chuys-deli-san-bruno,Chuy's Deli,1.0,4,True,,,Delis
https://www.yelp.com/biz/wing-szn-bayview-san-francisco,Wing SZN Bayview,1.0,3,True,,,"Food Delivery Services, Chicken Wings, Fast Food"
https://www.yelp.com/biz/american-eclectic-burger-san-francisco,American Eclectic Burger,1.0,2,True,,,Burgers
https://www.yelp.com/biz/firebelly-wings-san-francisco,Firebelly Wings,1.0,2,True,,,"Food Delivery Services, Chicken Wings"
https://www.yelp.com/biz/willy-billy-smoked-meats-san-francisco-3,Willy Billy Smoked Meats,1.0,2,True,,,"Barbeque, Halal, Smokehouse"
https://www.yelp.com/biz/skyline-college-cafe-san-bruno,Skyline College Cafe,1.0,2,True,,,Cafes
https://www.yelp.com/biz/rubi-micro-cafe-san-francisco,Rubi Micro Cafe,1.0,1,True,,,Cafes
https://www.yelp.com/biz/red-ninja-san-francisco,Red Ninja,1.0,1,True,,,Japanese
https://www.yelp.com/biz/barolo-restaurant-san-francisco,Barolo Restaurant,1.0,1,True,,,Restaurants
https://www.yelp.com/biz/john-kitchen-san-francisco,John Kitchen,1.0,1,True,,,American
https://www.yelp.com/biz/wings-and-things-san-francisco-4,Wings & Things,1.0,1,True,,,"Food Delivery Services, Chicken Wings"
https://www.yelp.com/biz/brooklyns-finest-pizza-san-francisco,Brooklyn's Finest Pizza,1.0,1,True,,,"Desserts, Ice Cream & Frozen Yogurt, Pizza"
https://www.yelp.com/biz/los-andes-deli-san-francisco,Los Andes Deli,1.0,1,True,,,Delis
https://www.yelp.com/biz/wings-and-things-san-francisco-5,Wings & Things,1.0,1,True,,,"Food Delivery Services, Chicken Wings"
https://www.yelp.com/biz/cafe-bella-vista-san-francisco,Cafe Bella Vista,1.0,1,True,,,Italian
https://www.yelp.com/biz/vegan-noodz-san-francisco,Vegan Noodz,1.0,1,True,,,"Vegan, Noodles, Italian"
https://www.yelp.com/biz/a-taste-of-chicago-san-francisco-2,A Taste Of Chicago,1.0,1,True,,,Food Stands
https://www.yelp.com/biz/willies-seafood-boil-san-francisco,Willie's Seafood Boil,1.0,1,True,,,"Seafood, Cajun/Creole"
https://www.yelp.com/biz/the-vegan-lasagna-garden-san-francisco-3,The Vegan Lasagna Garden,1.0,1,True,,,"Italian, Vegan, Gluten-Free"
https://www.yelp.com/biz/seemas-indian-bar-san-francisco,Seema's Indian Bar,1.0,1,True,,,Indian
https://www.yelp.com/biz/dosa-by-dosa-daly-city,dosa by DOSA,1.0,1,True,,,"Food Delivery Services, Indian"
https://www.yelp.com/biz/las-casuelas-san-francisco,Las Casuelas,1.0,1,True,,,Seafood
https://www.yelp.com/biz/chicas-restaurant-and-bar-daly-city,Chica's Restaurant & Bar,1.0,1,True,,,"Beer Bar, Breakfast & Brunch, Salvadoran"
https://www.yelp.com/biz/pardon-my-cheesesteak-daly-city,Pardon My Cheesesteak,1.0,1,True,,,"Food Delivery Services, Cheesesteaks"
https://www.yelp.com/biz/bull-pen-daly-city,Bull Pen,1.0,1,True,,,"American, Fast Food"
https://www.yelp.com/biz/fabulous-falafel-daly-city,Fabulous Falafel,1.0,1,True,,,"Food Delivery Services, Falafel"
https://www.yelp.com/biz/the-roti-roll-south-san-francisco,The Roti Roll,1.0,1,True,,,"Sushi Bars, Food Delivery Services"
https://www.yelp.com/biz/hummus-hero-san-bruno,Hummus Hero,1.0,1,True,,,"Food Delivery Services, Mediterranean"
https://www.yelp.com/biz/semilla-san-francisco,Semilla,,,True,,,"Breakfast & Brunch, Food Stands, Mexican"
https://www.yelp.com/biz/cantoneats-san-francisco,CantonEats,,,True,,,"Chinese, Food Delivery Services"
https://www.yelp.com/biz/mi-veracruz-san-francisco,Mi Veracruz,,,True,,,"Tacos, Food Trucks"
https://www.yelp.com/biz/saucy-wings-san-francisco,Saucy Wings,,,True,,,"Food Delivery Services, Chicken Wings"
https://www.yelp.com/biz/lasagneria-babbo-san-francisco,Lasagneria Babbo,,,True,,,"Food Stands, Italian"
https://www.yelp.com/biz/wong-lai-mei-cheng-san-francisco,Wong Lai Mei Cheng,,,True,,,Restaurants
https://www.yelp.com/biz/coraz%C3%B3n-mexican-san-francisco,Corazón Mexican,,,True,,,Mexican
https://www.yelp.com/biz/good-to-go-san-francisco,Good To Go,,,True,,,Restaurants
https://www.yelp.com/biz/nicole-s-kitchin-san-francisco,Nicole’s KitChin,,,True,,,"Desserts, Food Stands"
https://www.yelp.com/biz/borkbucks-cafe-san-francisco,Borkbucks Cafe,,,True,,,Cafes
https://www.yelp.com/biz/concession-food-san-francisco,Concession Food,,,True,,,"Italian, Hot Dogs"
https://www.yelp.com/biz/ann-truong-san-francisco,Ann Truong,,,True,,,Pizza
https://www.yelp.com/biz/send-noods-san-francisco-2,Send Noods,,,True,,,"Food Delivery Services, Noodles"
https://www.yelp.com/biz/send-noods-san-francisco,Send Noods,,,True,,,"Food Delivery Services, Noodles"
https://www.yelp.com/biz/dosa-by-dosa-san-francisco-2,dosa by DOSA,,,True,,,"Food Delivery Services, Indian"
https://www.yelp.com/biz/karina-catering-and-bakery-san-francisco-2,Karina Catering  And Bakery,,,True,,,"Bakeries, Salad"
https://www.yelp.com/biz/miyabi-precious-san-francisco-2,Miyabi Precious,,,True,,,Japanese
https://www.yelp.com/biz/noshs-dirty-popcorn-san-francisco,Nosh's Dirty Popcorn,,,True,,,"Popcorn Shops, Vegan, Gluten-Free"
https://www.yelp.com/biz/breezee-cafe-san-francisco,Breezee Cafe,,,True,,,Cafes
https://www.yelp.com/biz/big-mamas-steakhouse-san-francisco,Big Mama's Steakhouse,,,True,,,Steakhouses
https://www.yelp.com/biz/white-horse-san-francisco,White Horse,,,True,,,Chinese
https://www.yelp.com/biz/heyo-potato-san-francisco,Heyo Potato,,,True,,,Burgers
https://www.yelp.com/biz/bistro-kalesa-north-hills,Bistro Kalesa,,,True,,,Filipino
https://www.yelp.com/biz/zhongxing-development-san-francisco,Zhongxing Development,,,True,,,Restaurants
https://www.yelp.com/biz/kalefornia-san-francisco-2,Kalefornia,,,True,,,Delis
https://www.yelp.com/biz/kaisen-don-san-francisco-7,Kaisen Don,,,True,,,"Japanese, Seafood"
https://www.yelp.com/biz/kikka-sushi-san-francisco,Stonestown Pizza,,,True,,,"Sushi Bars, Seafood"
https://www.yelp.com/biz/tommy-s-market-and-deli-san-francisco-3,Tommy’s Market & Deli,,,True,,,"Grocery, Delis"
https://www.yelp.com/biz/sancha-sushi-san-francisco-3,Sancha Sushi,,,True,,,"Sushi Bars, Japanese"
https://www.yelp.com/biz/raising-cane-s-chicken-fingers-san-francisco,Raising Cane’s Chicken Fingers,,,True,,,"Chicken Shop, Fast Food"
https://www.yelp.com/biz/el-burrito-borracho-san-francisco-3,El Burrito Borracho,,,True,,,"Food Delivery Services, Mexican"
https://www.yelp.com/biz/dosa-by-dosa-san-francisco-3,dosa by DOSA,,,True,,,"Food Delivery Services, Indian"
https://www.yelp.com/biz/souper-stop-san-francisco,Souper Stop,,,True,,,"Salad, Food Delivery Services, Wraps"
https://www.yelp.com/biz/ghost-grille-san-francisco-2,Ghost Grille,,,True,,,"Food Delivery Services, American"
https://www.yelp.com/biz/the-wing-dynasty-san-francisco,The Wing Dynasty,,,True,,,"Food Delivery Services, Chicken Wings"
https://www.yelp.com/biz/mother-clucker-san-francisco,Mother Clucker,,,True,,,"Food Delivery Services, Sandwiches"
https://www.yelp.com/biz/cauli-crust-pizza-san-francisco,Cauli Crust Pizza,,,True,,,"Food Delivery Services, Pizza"
https://www.yelp.com/biz/cholo-soy-san-francisco-2,cholo soy,,,True,,,Peruvian
https://www.yelp.com/biz/taqueria-mexico-lindo-grill-san-francisco,Taqueria Mexico Lindo Grill,,,True,,,Mexican
https://www.yelp.com/biz/lous-bomb-azz-tacos-san-francisco,Lou's Bomb Azz Tacos,,,True,,,"Tacos, Street Vendors"
https://www.yelp.com/biz/salsa-taqueria-san-francisco,Salsa Taqueria,,,True,,,Mexican
https://www.yelp.com/biz/pachito-rex-diner-san-francisco,Pachito Rex Diner,,,True,$,,Mexican
https://www.yelp.com/biz/tacos-al-pastor-san-francisco,Tacos Al Pastor,,,True,,,"Tacos, Food Stands"
https://www.yelp.com/biz/craveburger-san-francisco-2,CraveBurger,,,True,,,"Burgers, Fast Food, Food Delivery Services"
https://www.yelp.com/biz/la-luna-restaurant-san-francisco,La Luna Restaurant,,,True,,,Restaurants
https://www.yelp.com/biz/tacos-el-charro-san-francisco-3,Tacos El Charro,,,True,,,"Custom Cakes, Tacos"
https://www.yelp.com/biz/2020-burger-san-francisco,2020 Burger,,,True,,,Burgers
https://www.yelp.com/biz/lequy-restaurant-san-francisco,LeQuy Restaurant,,,True,,,"Seafood, Noodles, Vietnamese"
https://www.yelp.com/biz/santana-bar-and-grill-san-francisco,Santana Bar & Grill,,,True,,,Restaurants
https://www.yelp.com/biz/la-areperia-de-shirly-san-francisco-3,La Areperia De Shirly,,,True,,,"Food Trucks, Colombian, Venezuelan"
https://www.yelp.com/biz/la-bella-cucina-san-francisco,La Bella Cucina,,,True,,,Modern European
https://www.yelp.com/biz/sinatras-pizza-san-francisco-4,Sinatra's Pizza,,,True,,,"Food Delivery Services, Pizza"
https://www.yelp.com/biz/cocina-jalisco-san-francisco,Cocina Jalisco,,,True,,,"Tacos, Food Stands, Seafood"
https://www.yelp.com/biz/outlaw-burger-san-francisco,Outlaw Burger,,,True,,,"Food Delivery Services, Burgers"
https://www.yelp.com/biz/monster-mac-san-francisco-3,Monster Mac,,,True,,,"Cajun/Creole, Pasta Shops, Food Delivery Services"
https://www.yelp.com/biz/supreme-chicken-san-francisco,Supreme Chicken,,,True,,,New American
https://www.yelp.com/biz/pizza-kings-san-francisco-san-francisco,Pizza Kings - San Francisco,,,True,,,Pizza
https://www.yelp.com/biz/loltum-restaurant-san-francisco,Loltum Restaurant,,,True,,,Restaurants
https://www.yelp.com/biz/fromans-chicago-deep-dish-pizza-san-francisco,Froman's Chicago Deep Dish Pizza,,,True,,,"Pizza, Food Delivery Services"
https://www.yelp.com/biz/even-brunos-san-francisco,Even Brunos,,,True,,,Turkish
https://www.yelp.com/biz/rebel-wings-san-francisco-2,Rebel Wings,,,True,,,"Food Delivery Services, Chicken Wings"
https://www.yelp.com/biz/el-gran-trompo-regio-san-francisco,El Gran Trompo Regio,,,True,,,"Mexican, Food Trucks"
https://www.yelp.com/biz/mission-tavern-restaurant-and-bar-san-francisco,Mission Tavern Restaurant and Bar,,,True,,,"Mexican, Beer Bar, Cocktail Bars"
https://www.yelp.com/biz/a-z-deli-san-francisco,A-Z Deli,,,True,,,"Cajun/Creole, Burgers, Southern"
https://www.yelp.com/biz/san-21-restaurant-san-francisco,San 21 Restaurant,,,True,,,Restaurants
https://www.yelp.com/biz/huckleberry-finn-san-francisco,Huckleberry Finn,,,True,,,Cafes
https://www.yelp.com/biz/i-and-e-sammich-hut-san-francisco-2,I&E Sammich Hut,,,True,,,"Sandwiches, Food Delivery Services"
https://www.yelp.com/biz/mrbeast-burger-san-francisco-4,MrBeast Burger,,,True,,,"Food Delivery Services, Burgers"
https://www.yelp.com/biz/vincent-san-francisco,Vincent,,,True,,,Restaurants
https://www.yelp.com/biz/american-eclectic-burger-san-francisco-3,American Eclectic Burger,,,True,,,"Food Delivery Services, Burgers"
https://www.yelp.com/biz/taqueria-guanajuato-san-francisco,Taqueria Guanajuato,,,True,,,Tacos
https://www.yelp.com/biz/cybermania-san-francisco,Cybermania,,,True,,,Restaurants
https://www.yelp.com/biz/taqueria-san-francisco,Taqueria,,,True,,,Mexican
https://www.yelp.com/biz/frescas-kitchen-san-francisco,Fresca's Kitchen,,,True,,,"Mexican, Food Delivery Services"
https://www.yelp.com/biz/mrbeast-burger-san-francisco-9,MrBeast Burger,,,True,,,"Food Delivery Services, Burgers"
https://www.yelp.com/biz/grubstake-burgers-and-breakfast-san-francisco-2,Grubstake Burgers and Breakfast,,,True,,,"Food Delivery Services, Breakfast & Brunch, Burgers"
https://www.yelp.com/biz/ellie-and-nellys-deli-san-francisco,Ellie and Nellys Deli,,,True,,,Pop-Up Restaurants
https://www.yelp.com/biz/royal-kitchen-san-francisco,Royal Kitchen,,,True,,,Chinese
https://www.yelp.com/biz/burger-bytes-san-francisco-3,Burger Bytes,,,True,,,"Food Delivery Services, Burgers"
https://www.yelp.com/biz/e-and-n-enterprises-san-francisco,E & N Enterprises,,,True,,,Restaurants
https://www.yelp.com/biz/mettis-san-francisco,Metti's,,,True,,,Pizza
https://www.yelp.com/biz/lizzies-lentils-san-francisco,Lizzie's Lentils,,,True,,,New American
https://www.yelp.com/biz/chaac-mool-san-francisco-2,Chaac Mool,,,True,,,"Pop-up Shops, Mexican"
https://www.yelp.com/biz/asas-nough-san-francisco,ASA's Nough,,,True,,,Salad
https://www.yelp.com/biz/philly-cheesesteak-san-francisco,Philly Cheesesteak,,,True,,,"Cheesesteaks, Sandwiches"
https://www.yelp.com/biz/jessies-restaurant-san-francisco,Jessies restaurant,,,True,,,Breakfast & Brunch
https://www.yelp.com/biz/nanis-restaurant-san-francisco,Nani's Restaurant,,,True,,,Latin American
https://www.yelp.com/biz/pirate-jerk-san-francisco-2,Pirate Jerk,,,True,,,"Specialty Food, Food Stands"
https://www.yelp.com/biz/red-ribbon-fried-chicken-san-francisco,Red Ribbon Fried Chicken,,,True,,,"Food Delivery Services, Chicken Wings, Sandwiches"
https://www.yelp.com/biz/bruno-s-sandwich-wraps-san-francisco,Bruno’s Sandwich Wraps,,,True,,,Sandwiches
https://www.yelp.com/biz/5-cheese-and-mac-san-francisco,5 Cheese and Mac,,,True,,,Italian
https://www.yelp.com/biz/eggurrito-san-francisco,Eggurrito,,,True,,,Breakfast & Brunch
https://www.yelp.com/biz/lima-peruvian-food-san-francisco-5,Lima Peruvian Food,,,True,,,"Food Delivery Services, Peruvian, Latin American"
https://www.yelp.com/biz/tacos-tierra-caliente-san-francisco,Tacos Tierra Caliente,,,True,,,Tacos
https://www.yelp.com/biz/cauligasm-san-francisco-2,Cauligasm,,,True,,,"Food Delivery Services, Pizza"
https://www.yelp.com/biz/tr-burgers-and-wings-san-francisco,TR Burgers and Wings,,,True,,,"Burgers, Chicken Wings"
https://www.yelp.com/biz/idia-leighs-timeline-san-francisco,Idia Leigh's Timeline,,,True,,,Burgers
https://www.yelp.com/biz/city-deli-san-francisco,City Deli,,,True,,,Delis
https://www.yelp.com/biz/trapdawgs-san-francisco,TrapDawgs,,,True,,,"Hot Dogs, Caterers"
https://www.yelp.com/biz/long-khanh-sandwhich-company-san-francisco,Long Khanh Sandwhich Company,,,True,,,"Sandwiches, Vietnamese"
https://www.yelp.com/biz/samba-comfort-food-san-francisco,Samba Comfort Food,,,True,,,Brazilian
https://www.yelp.com/biz/central-kitchen-san-francisco-2,Central Kitchen,,,True,,,New American
https://www.yelp.com/biz/pepe-and-jesus-san-francisco,Pepe and Jesus,,,True,,,Pizza
https://www.yelp.com/biz/terri-fried-chicken-san-francisco,Terri-Fried Chicken,,,True,,,"Food Delivery Services, Chicken Wings, Sandwiches"
https://www.yelp.com/biz/bernal-heights-stop-and-shop-san-francisco-6,Bernal Heights Stop & Shop,,,True,,,"Convenience Stores, Delis, Sandwiches"
https://www.yelp.com/biz/healthy-heart-nutrition-san-francisco,Healthy Heart Nutrition,,,True,,,"Juice Bars & Smoothies, Coffee & Tea, Waffles"
https://www.yelp.com/biz/restaurante-el-palmar-san-francisco,Restaurante El Palmar,,,True,,,Restaurants
https://www.yelp.com/biz/nicaraguense-restaurant-san-francisco-2,Nicaraguense Restaurant,,,True,,,American
https://www.yelp.com/biz/chulha-time-san-francisco-2,Chulha Time,,,True,,,Indian
https://www.yelp.com/biz/krispy-krunchy-chicken-san-francisco-18,Krispy Krunchy Chicken,,,True,,,"Cajun/Creole, Chicken Wings, Fast Food"
https://www.yelp.com/biz/golden-eagle-liquors-san-francisco,Golden Eagle Liquors,,,True,,,Sandwiches
https://www.yelp.com/biz/rdm-express-san-francisco,Rdm Express,,,True,,,"Delis, Sandwiches"
https://www.yelp.com/biz/bombay-express-san-francisco-2,Bombay Express,,,True,,,Japanese
https://www.yelp.com/biz/taco-san-francisco-san-francisco,Taco San Francisco,,,True,,,Tacos
https://www.yelp.com/biz/spinning-dough-san-francisco-2,Spinning Dough,,,True,,,"Food Delivery Services, Pizza"
https://www.yelp.com/biz/wood-fired-pizza-san-francisco,Wood Fired Pizza,,,True,,,"Pizza, Food Stands"
https://www.yelp.com/biz/quick-n-ezee-indian-food-san-francisco,Quick N Ezee Indian Food,,,True,,,Indian
https://www.yelp.com/biz/charlie-seafood-san-francisco-3,Charlie Seafood,,,True,,,Seafood
https://www.yelp.com/biz/phatwood-smokehouse-san-francisco,Phatwood Smokehouse,,,True,,,"Delis, Smokehouse, Coffee & Tea"
https://www.yelp.com/biz/guajillo-kitchen-san-francisco,Guajillo Kitchen,,,True,,,Mexican
https://www.yelp.com/biz/red-taco-san-francisco,Red Taco,,,True,,,Tacos
https://www.yelp.com/biz/bitcoin-pizza-bayview-san-francisco,Bitcoin Pizza - Bayview,,,True,,,"Food Delivery Services, Italian, Pizza"
https://www.yelp.com/biz/tastie-bs-san-francisco,Tastie B's,,,True,,,"Burgers, Chicken Wings"
https://www.yelp.com/biz/creperie-san-francisco,Creperie,,,True,,,Creperies
https://www.yelp.com/biz/da-cluckin-chicken-san-francisco,Da Cluckin' Chicken,,,True,,,"Chicken Wings, Chicken Shop, Sandwiches"
https://www.yelp.com/biz/point-reyes-oyster-san-francisco,Point Reyes Oyster,,,True,,,Diners
https://www.yelp.com/biz/415-cafe-san-francisco,415 Cafe,,,True,,,"Breakfast & Brunch, Burgers, Cafes"
https://www.yelp.com/biz/mon-an-vietnam-san-francisco,Mon An Vietnam,,,True,,,Vietnamese
https://www.yelp.com/biz/the-damel-san-francisco-2,The Damel,,,True,,,"Brazilian, African"
https://www.yelp.com/biz/taco-bell-san-francisco-25,Taco Bell,,,True,,,"Fast Food, Mexican"
https://www.yelp.com/biz/popeyes-louisiana-kitchen-san-francisco-15,Popeyes Louisiana Kitchen,,,True,,,"Fast Food, Chicken Wings, Sandwiches"
https://www.yelp.com/biz/walia-ethiopian-express-san-francisco,Walia Ethiopian Express,,,True,,,Ethiopian
https://www.yelp.com/biz/redcoal-san-francisco-4,RedCoal,,,True,,,"Barbeque, Halal, Pakistani"
https://www.yelp.com/biz/keto-junction-by-frjtz-san-francisco,Keto Junction By Frjtz,,,True,,,"Salad, Pop-Up Restaurants"
https://www.yelp.com/biz/simbowl-san-francisco,Simbowl,,,True,,,New American
https://www.yelp.com/biz/okto-greek-san-francisco,Okto Greek,,,True,,,"Mediterranean, Turkish"
https://www.yelp.com/biz/healthy-sandwiches-and-wraps-san-francisco,Healthy Sandwiches and Wraps,,,True,,,"Food Delivery Services, Wraps, Sandwiches"
https://www.yelp.com/biz/tavos-san-francisco,Tavos,,,True,,,Tacos
https://www.yelp.com/biz/city-cafe-san-francisco-2,City Cafe,,,True,,,Vietnamese
https://www.yelp.com/biz/atabey-s-roots-san-francisco-2,Atabey’s Roots,,,True,,,"Puerto Rican, Latin American, Comfort Food"
https://www.yelp.com/biz/poki-time-daly-city-2,Poki Time,,,True,,,"Food Delivery Services, Japanese, Seafood"
https://www.yelp.com/biz/istanbul-bbq-san-francisco,Istanbul BBQ,,,True,,,"Turkish, Barbeque"
https://www.yelp.com/biz/seafood-daly-city,seafood,,,True,,,Seafood
https://www.yelp.com/biz/arkin-eats-daly-city,Arkin Eats,,,True,,,"Filipino, Food Delivery Services"
https://www.yelp.com/biz/miyas-place-san-francisco,Miya's Place,,,True,,,Restaurants
https://www.yelp.com/biz/silver-star-colma,Silver Star,,,True,,,Asian Fusion
https://www.yelp.com/biz/tenderfix-by-noah-schnapp-broadmoor,TenderFix by Noah Schnapp,,,True,,,"Fast Food, Food Delivery Services, Sandwiches"
https://www.yelp.com/biz/mario-and-co-daly-city,Mario & Co.,,,True,,,Restaurants
https://www.yelp.com/biz/cafe-metro-san-francisco,Cafe Metro,,,True,,,Cafes
https://www.yelp.com/biz/park-mediterranean-grill-daly-city,Park Mediterranean Grill,,,True,,,"Food Delivery Services, Mediterranean"
https://www.yelp.com/biz/glaze-teriyaki-grill-daly-city-2,Glaze Teriyaki Grill,,,True,,,"Food Delivery Services, Japanese"
https://www.yelp.com/biz/el-sazon-de-la-mechi-daly-city-2,El Sazon de la Mechi,,,True,,,"Food Delivery Services, Colombian, Venezuelan"
https://www.yelp.com/biz/super-mega-dilla-broadmoor,Super Mega Dilla,,,True,,,"Fast Food, Mexican, Food Delivery Services"
https://www.yelp.com/biz/mr-luis-store-daly-city,Mr Luis Store,,,True,,,"Ramen, Breakfast & Brunch"
https://www.yelp.com/biz/lipid-san-francisco,Lipid,,,True,,,American
https://www.yelp.com/biz/filipinianadelight-rest-and-pizza-daly-city,Filipiniana'Delight Rest & Pizza,,,True,,,Pizza
https://www.yelp.com/biz/for-crepe-sake-sf-san-francisco,For Crepe Sake SF,,,True,,,"Creperies, Juice Bars & Smoothies, Food Trucks"
https://www.yelp.com/biz/tony-donaires-burgers-colma,Tony Donaire's Burgers,,,True,,,Burgers
https://www.yelp.com/biz/snowfox-colma,Snowfox,,,True,,,"Sushi Bars, Salad, Noodles"
https://www.yelp.com/biz/el-indio-restaraunt-san-francisco,El Indio Restaraunt,,,True,,,"Latin American, Honduran"
https://www.yelp.com/biz/hungry-dog-san-francisco,Hungry Dog,,,True,,,Food Court
https://www.yelp.com/biz/mission-street-burritos-by-papalote-daly-city,Mission Street Burritos by Papalote,,,True,,,"Food Delivery Services, Ice Cream & Frozen Yogurt, Mexican"
https://www.yelp.com/biz/pierre-coste-dining-room-san-francisco,Pierre Coste Dining Room,,,True,,,American
https://www.yelp.com/biz/carmelinas-cafe-san-francisco-3,Carmelina's Cafe,,,True,,,"Coffee & Tea, Sandwiches"
https://www.yelp.com/biz/grub-kitchens-san-francisco,GRUB KITCHENS,,,True,,,American
https://www.yelp.com/biz/j-and-rs-peruvian-san-francisco,J & R's Peruvian,,,True,,,Peruvian
https://www.yelp.com/biz/angelinas-brazilian-cafe-san-francisco,Angelina's Brazilian Cafe,,,True,,,"Brazilian, Cafes"
https://www.yelp.com/biz/san-mateo-bay-japanese-restaurant-brisbane,San Mateo Bay Japanese Restaurant,,,True,,,Japanese
https://www.yelp.com/biz/sunny-and-fines-breakfast-burritos-san-francisco-6,Sunny & Fine's Breakfast Burritos,,,True,,,"Food Delivery Services, Mexican"
https://www.yelp.com/biz/star-taco-san-francisco,Star Taco,,,True,,,Tacos
https://www.yelp.com/biz/pony-express-pop-up-san-francisco-3,Pony Express Pop-up,,,True,,,"Beer, Wine & Spirits, Beverage Store, Sandwiches"
https://www.yelp.com/biz/bbq-and-okoy-togo-pacifica,BBQ and OKOY TOGO,,,True,,,Barbeque
https://www.yelp.com/biz/harbest-principle-daly-city,Harbest Principle,,,True,,,Restaurants
https://www.yelp.com/biz/little-sheep-hot-pot-daly-city-2,Little Sheep Hot Pot,,,True,,,Hot Pot
https://www.yelp.com/biz/mmm-que-rico-colma,MMM...Que Rico!,,,True,,,"Tacos, Kebab, Food Trucks"
https://www.yelp.com/biz/haidilao-daly-city,Haidilao,,,True,,,"Chinese, Hot Pot"
https://www.yelp.com/biz/joanns-enterprises-south-san-francisco,Joann's Enterprises,,,True,,,Restaurants
https://www.yelp.com/biz/pi-wings-daly-city,PI Wings,,,True,,,"Fast Food, Chicken Wings, Food Trucks"
https://www.yelp.com/biz/s-s-rice-colma,S S Rice,,,True,,,Asian Fusion
https://www.yelp.com/biz/45-bites-daly-city-2,45 Bites,,,True,,,Burmese
https://www.yelp.com/biz/woohao-daly-city,Woohao,,,True,,,"Chinese, Seafood"
https://www.yelp.com/biz/grill-city-daly-city-2,Grill City,,,True,,,Barbeque
https://www.yelp.com/biz/las-pencas-daly-city,Las Pencas,,,True,,,"Seafood, Food Trucks, Tacos"
https://www.yelp.com/biz/cypress-teriyaka-south-san-francisco,Cypress Teriyaka,,,True,,,Restaurants
https://www.yelp.com/biz/da-donh-south-san-francisco,DA Donh,,,True,,,Vietnamese
https://www.yelp.com/biz/copper-chimney-san-francisco,Copper Chimney,,,True,,,"Indian, Seafood, Pizza"
https://www.yelp.com/biz/sophia-south-san-francisco,Sophia,,,True,,,Korean
https://www.yelp.com/biz/tikka-taj-south-san-francisco,Tikka Taj,,,True,,,"Food Delivery Services, Indian"
https://www.yelp.com/biz/ling-nam-south-san-francisco,Ling Nam,,,True,,,"Chinese, Bakeries, Filipino"
https://www.yelp.com/biz/sisters-cafe-south-san-francisco,Sisters Cafe,,,True,,,Mexican
https://www.yelp.com/biz/garden-grille-and-bar-south-san-francisco,Garden Grille & Bar,,,True,,,"American, Cocktail Bars, Diners"
https://www.yelp.com/biz/linden-delicatessen-south-san-francisco,Linden Delicatessen,,,True,,,Delis
https://www.yelp.com/biz/enayat-s-international-eats-las-vegas-3,Enayat’s International Eats,,,True,,,"Afghan, Food Trucks"
https://www.yelp.com/biz/tortas-y-tacos-la-cruzazuleada-brisbane,Tortas y Tacos La Cruzazuleada,,,True,,,Tacos
https://www.yelp.com/biz/el-ranchito-taco-truck-south-san-francisco,El Ranchito Taco Truck,,,True,,,"Food Trucks, Tacos"
https://www.yelp.com/biz/mi-fruta-south-san-francisco,Mi Fruta,,,True,,,"Desserts, Waffles, Ice Cream & Frozen Yogurt"
https://www.yelp.com/biz/la-penca-south-san-francisco,La Penca,,,True,,,"Tacos, Street Vendors"
https://www.yelp.com/biz/sabor-latino-south-san-francisco,Sabor Latino,,,True,,,Latin American
https://www.yelp.com/biz/silva-s-a-mexican-kitchen-south-san-francisco,Silva’s  A Mexican Kitchen,,,True,,,"Food Trucks, Mexican"
https://www.yelp.com/biz/ju-restaurants-daly-city,Ju Restaurants,,,True,,,New American
https://www.yelp.com/biz/hidden-tiger-thai-eats-south-san-francisco,Hidden Tiger Thai Eats,,,True,,,Thai
https://www.yelp.com/biz/beijing-noodle-house-daly-city,Beijing Noodle House,,,True,,,Noodles
https://www.yelp.com/biz/%E5%8C%97%E4%BA%AC%E9%9D%A2%E9%A3%9F%E9%A6%86-everyday-beijing-daly-city,北京面食馆 Everyday Beijing,,,True,,,Chinese
https://www.yelp.com/biz/curry-curry-curry-daly-city,Curry Curry Curry,,,True,,,"Food Delivery Services, Noodles, Indian"
https://www.yelp.com/biz/tardio-andrew-newport-fish-company-south-san-francisco,Tardio Andrew Newport Fish Company,,,True,,,Seafood
https://www.yelp.com/biz/italfoods-south-san-francisco,Italfoods,,,True,,,"Grocery, Italian"
https://www.yelp.com/biz/genentech-building-4-cafe-south-san-francisco,Genentech Building 4 Cafe,,,True,,,Restaurants
https://www.yelp.com/biz/brazilian-burger-san-bruno,Brazilian Burger,,,True,,,"Burgers, Brazilian"
https://www.yelp.com/biz/cuquio-produce-san-bruno,Cuquio Produce,,,True,,,"Grocery, Mexican"
https://www.yelp.com/biz/iberian-san-francisco,iberian,,,True,,,Restaurants
https://www.yelp.com/biz/tacos-guadalajara-san-bruno,Tacos Guadalajara,,,True,,,Tacos
https://www.yelp.com/biz/equator-coffee-san-francisco-3,Equator Coffee,,,True,,,"Breakfast & Brunch, Coffee & Tea"
https://www.yelp.com/biz/lobsta-truck-south-san-francisco,Lobsta Truck,,,True,,,"Seafood, Food Trucks"
https://www.yelp.com/biz/maximum-san-bruno,Maximum,,,True,,,New American
https://www.yelp.com/biz/mrbeast-burger-san-bruno,MrBeast Burger,,,True,,,"Food Delivery Services, Burgers"
https://www.yelp.com/biz/laffa-falafel-south-san-francisco,Laffa Falafel,,,True,,,Falafel
https://www.yelp.com/biz/pizza-hut-express-san-bruno-2,Pizza Hut Express,,,True,,,"Pizza, Chicken Wings, Fast Food"
https://www.yelp.com/biz/w-san-bruno,W,,,True,,,Hot Dogs
https://www.yelp.com/biz/antonellis-south-san-francisco,Antonelli's,,,True,,,Fish & Chips
https://www.yelp.com/biz/la-fiesta-south-san-francisco,La Fiesta,,,True,,,"Food Trucks, Latin American"
https://www.yelp.com/biz/the-346-lonchera-south-san-francisco,The 346 Lonchera,,,True,,,"Mexican, Food Trucks"
https://www.yelp.com/biz/vera-kokorec-south-san-francisco,Vera Kokorec,,,True,,,"Turkish, Food Stands"
https://www.yelp.com/biz/beverly-hills-platters-san-bruno-2,Beverly Hills Platters,,,True,,,"Food Delivery Services, American"
https://www.yelp.com/biz/demo-restaurant-south-san-francisco,Demo Restaurant,,,True,,,Restaurants
https://www.yelp.com/biz/tacos-el-flaco-south-san-francisco-2,Tacos el Flaco,,,True,,,Mexican
https://www.yelp.com/biz/rachana-s-kitchen-san-bruno,Rachana’s Kitchen,,,True,,,"Comfort Food, Food Delivery Services"
https://www.yelp.com/biz/its-just-wings-san-bruno,It's Just Wings,,,True,,,"Desserts, Chicken Wings, Fast Food"
https://www.yelp.com/biz/bourbon-pub-san-francisco-7,Bourbon Pub,,,True,,,"Bars, Burgers, Sandwiches"
https://www.yelp.com/biz/ming-ming-cafe-san-francisco,Ming MIng Cafe,,,True,,,Restaurants
https://www.yelp.com/biz/the-box-lunch-company-south-san-francisco,The Box Lunch Company,,,True,,,"Caterers, Sandwiches"
https://www.yelp.com/biz/tenderfix-by-noah-schnapp-san-bruno,TenderFix by Noah Schnapp,,,True,,,"Fast Food, Food Delivery Services, Sandwiches"
https://www.yelp.com/biz/taqueria-mediterranea-san-bruno,Taqueria Mediterranea,,,True,,,"Food Delivery Services, Mediterranean, Tacos"
https://www.yelp.com/biz/kozde-kebab-south-san-francisco-3,Kozde Kebab,,,True,,,"Food Trucks, Kebab"
https://www.yelp.com/biz/asian-box-san-francisco-11,Asian Box,,,True,,,Vietnamese
https://www.yelp.com/biz/pardon-my-cheesesteak-south-san-francisco,Pardon My Cheesesteak,,,True,,,"Food Delivery Services, Cheesesteaks"
https://www.yelp.com/biz/won-chew-noodles-san-bruno,Won Chew Noodles,,,True,,,"Chinese, Vietnamese, Noodles"
